subj_id,qual_col,RT,measure,row,sentID
R_vrAH2qrxu41QSv7,Timing_1(1),11.771,Timing_1,1,143
R_6Pg4ql6MQumxZo9,Timing_1(1),2.613,Timing_1,1,143
R_1QaBlAsk46HI9NJ,Timing_1(1),6.412,Timing_1,1,143
R_pKtuHvEeh5mujgl,Timing_1(1),5.574,Timing_1,1,143
R_RrYmeJDnKB3hv7r,Timing_1(1),10.961,Timing_1,1,143
R_2alPe2ZkILnzWYp,Timing_1(1),39.432,Timing_1,1,143
R_24zMzQY1U9LX5Gf,Timing_1(1),6.684,Timing_1,1,143
R_2zAp7MZjWbJtouD,Timing_1(1),12.664,Timing_1,1,143
R_1lgea30X5yRbWgb,Timing_1(1),10.986,Timing_1,1,143
R_1dg0dAPlymYfFcu,Timing_1(1),1.819,Timing_1,1,143
R_23TSscPxb3G1aSA,Timing_1(1),4.927,Timing_1,1,143
R_3effdDALVVpFhkK,Timing_1(1),15.139,Timing_1,1,143
R_2PpvbvcItA8LcqM,Timing_1(1),6.715,Timing_1,1,143
R_25WvorTEPc7DuHX,Timing_1(1),11.137,Timing_1,1,143
R_ZJCIt5D6m80Wim5,Timing_1(1),8.289,Timing_1,1,143
R_6gQpeEEoAOw1CNz,Timing_1(1),3.764,Timing_1,1,143
R_UcJP3naTdDXJEDn,Timing_1(1),30.72,Timing_1,1,143
R_21pKbw8vqrjpJ4Q,Timing_1(1),8.656,Timing_1,1,143
R_1HiWKvIl546M44z,Timing_1(1),4.758,Timing_1,1,143
R_BFIiDPrnKiKOhkB,Timing_1(1),3.597,Timing_1,1,143
R_232AZeZQOdbRSAK,Timing_1(1),8.406,Timing_1,1,143
R_1odMwWpdALe3A7c,Timing_1(1),4.378,Timing_1,1,143
R_3CMZ1prTdwstnIi,Timing_1(1),2.643,Timing_1,1,143
R_2SDkvNUYWKzQ9b4,Timing_1(1),3.096,Timing_1,1,143
R_2qwqWlqovi1EnxK,Timing_1(1),7.464,Timing_1,1,143
R_1nSW9rReHHlwpSQ,Timing_1(1),4.75,Timing_1,1,143
R_3FPt6NNv7fs4bHV,Timing_1(1),5.221,Timing_1,1,143
R_2uOs8d5Okoyss7z,Timing_1(1),7.177,Timing_1,1,143
R_1JEdl2aEMuUO63f,Timing_1(1),4.702,Timing_1,1,143
R_6L3ln2BoQAzJw2d,Timing_1(1),3.149,Timing_1,1,143
R_xAA7goWcKMvmb1D,Timing_1(1),118.505,Timing_1,1,143
R_248iCMeSwyLS8sF,Timing_1(1),11.768,Timing_1,1,143
R_OING4tGkg3q8VLb,Timing_1(1),18.056,Timing_1,1,143
R_3kvbwPackXPANmo,Timing_1(1),2.289,Timing_1,1,143
R_3lRiG6M8Z6vKWZh,Timing_1(1),7.256,Timing_1,1,143
R_3q9cZ9NJjEx872v,Timing_1(1),6.028,Timing_1,1,143
R_ABt8n7PxUqkXqy5,Timing_1(1),5.965,Timing_1,1,143
R_3k6rPDoCD4kup7x,Timing_1(1),5.975,Timing_1,1,143
R_p6iBXJstulO97Jn,Timing_1(1),7.414,Timing_1,1,143
R_USFewLQTXHp0kPT,Timing_1(1),0.792,Timing_1,1,143
R_vrAH2qrxu41QSv7,Timing_1(2),6.789,Timing_1,2,144
R_6Pg4ql6MQumxZo9,Timing_1(2),2.176,Timing_1,2,144
R_1QaBlAsk46HI9NJ,Timing_1(2),5.882,Timing_1,2,144
R_pKtuHvEeh5mujgl,Timing_1(2),9.208,Timing_1,2,144
R_RrYmeJDnKB3hv7r,Timing_1(2),4.784,Timing_1,2,144
R_2alPe2ZkILnzWYp,Timing_1(2),5.769,Timing_1,2,144
R_24zMzQY1U9LX5Gf,Timing_1(2),21.334,Timing_1,2,144
R_2zAp7MZjWbJtouD,Timing_1(2),7.877,Timing_1,2,144
R_1lgea30X5yRbWgb,Timing_1(2),12.016,Timing_1,2,144
R_1dg0dAPlymYfFcu,Timing_1(2),2.696,Timing_1,2,144
R_23TSscPxb3G1aSA,Timing_1(2),6.185,Timing_1,2,144
R_3effdDALVVpFhkK,Timing_1(2),19.311,Timing_1,2,144
R_2PpvbvcItA8LcqM,Timing_1(2),7.954,Timing_1,2,144
R_25WvorTEPc7DuHX,Timing_1(2),11.635,Timing_1,2,144
R_ZJCIt5D6m80Wim5,Timing_1(2),6.955,Timing_1,2,144
R_6gQpeEEoAOw1CNz,Timing_1(2),2.981,Timing_1,2,144
R_UcJP3naTdDXJEDn,Timing_1(2),22.826,Timing_1,2,144
R_21pKbw8vqrjpJ4Q,Timing_1(2),10.312,Timing_1,2,144
R_1HiWKvIl546M44z,Timing_1(2),5.614,Timing_1,2,144
R_BFIiDPrnKiKOhkB,Timing_1(2),5.04,Timing_1,2,144
R_232AZeZQOdbRSAK,Timing_1(2),15.454,Timing_1,2,144
R_1odMwWpdALe3A7c,Timing_1(2),3.721,Timing_1,2,144
R_3CMZ1prTdwstnIi,Timing_1(2),2.432,Timing_1,2,144
R_2SDkvNUYWKzQ9b4,Timing_1(2),3.891,Timing_1,2,144
R_2qwqWlqovi1EnxK,Timing_1(2),5.09,Timing_1,2,144
R_1nSW9rReHHlwpSQ,Timing_1(2),9.491,Timing_1,2,144
R_3FPt6NNv7fs4bHV,Timing_1(2),12.77,Timing_1,2,144
R_2uOs8d5Okoyss7z,Timing_1(2),6.293,Timing_1,2,144
R_1JEdl2aEMuUO63f,Timing_1(2),21.966,Timing_1,2,144
R_6L3ln2BoQAzJw2d,Timing_1(2),2.98,Timing_1,2,144
R_xAA7goWcKMvmb1D,Timing_1(2),8.11,Timing_1,2,144
R_248iCMeSwyLS8sF,Timing_1(2),10.32,Timing_1,2,144
R_OING4tGkg3q8VLb,Timing_1(2),23.413,Timing_1,2,144
R_3kvbwPackXPANmo,Timing_1(2),3.361,Timing_1,2,144
R_3lRiG6M8Z6vKWZh,Timing_1(2),5.668,Timing_1,2,144
R_3q9cZ9NJjEx872v,Timing_1(2),3.168,Timing_1,2,144
R_ABt8n7PxUqkXqy5,Timing_1(2),4.611,Timing_1,2,144
R_3k6rPDoCD4kup7x,Timing_1(2),5.331,Timing_1,2,144
R_p6iBXJstulO97Jn,Timing_1(2),5.184,Timing_1,2,144
R_USFewLQTXHp0kPT,Timing_1(2),0.559,Timing_1,2,144
R_vrAH2qrxu41QSv7,Timing_1(3),15.445,Timing_1,3,145
R_6Pg4ql6MQumxZo9,Timing_1(3),4.217,Timing_1,3,145
R_1QaBlAsk46HI9NJ,Timing_1(3),48.727,Timing_1,3,145
R_pKtuHvEeh5mujgl,Timing_1(3),2.352,Timing_1,3,145
R_RrYmeJDnKB3hv7r,Timing_1(3),3.018,Timing_1,3,145
R_2alPe2ZkILnzWYp,Timing_1(3),4.579,Timing_1,3,145
R_24zMzQY1U9LX5Gf,Timing_1(3),1.504,Timing_1,3,145
R_2zAp7MZjWbJtouD,Timing_1(3),7.935,Timing_1,3,145
R_1lgea30X5yRbWgb,Timing_1(3),5.203,Timing_1,3,145
R_1dg0dAPlymYfFcu,Timing_1(3),3.728,Timing_1,3,145
R_23TSscPxb3G1aSA,Timing_1(3),4.06,Timing_1,3,145
R_3effdDALVVpFhkK,Timing_1(3),7.686,Timing_1,3,145
R_2PpvbvcItA8LcqM,Timing_1(3),23.079,Timing_1,3,145
R_25WvorTEPc7DuHX,Timing_1(3),8.388,Timing_1,3,145
R_ZJCIt5D6m80Wim5,Timing_1(3),9.84,Timing_1,3,145
R_6gQpeEEoAOw1CNz,Timing_1(3),5.061,Timing_1,3,145
R_UcJP3naTdDXJEDn,Timing_1(3),3.797,Timing_1,3,145
R_21pKbw8vqrjpJ4Q,Timing_1(3),14.398,Timing_1,3,145
R_1HiWKvIl546M44z,Timing_1(3),3.744,Timing_1,3,145
R_BFIiDPrnKiKOhkB,Timing_1(3),4.985,Timing_1,3,145
R_232AZeZQOdbRSAK,Timing_1(3),4.888,Timing_1,3,145
R_1odMwWpdALe3A7c,Timing_1(3),2.712,Timing_1,3,145
R_3CMZ1prTdwstnIi,Timing_1(3),2.009,Timing_1,3,145
R_2SDkvNUYWKzQ9b4,Timing_1(3),2.226,Timing_1,3,145
R_2qwqWlqovi1EnxK,Timing_1(3),6.955,Timing_1,3,145
R_1nSW9rReHHlwpSQ,Timing_1(3),3.407,Timing_1,3,145
R_3FPt6NNv7fs4bHV,Timing_1(3),4.987,Timing_1,3,145
R_2uOs8d5Okoyss7z,Timing_1(3),6.136,Timing_1,3,145
R_1JEdl2aEMuUO63f,Timing_1(3),3.408,Timing_1,3,145
R_6L3ln2BoQAzJw2d,Timing_1(3),1.488,Timing_1,3,145
R_xAA7goWcKMvmb1D,Timing_1(3),1.075,Timing_1,3,145
R_248iCMeSwyLS8sF,Timing_1(3),4.096,Timing_1,3,145
R_OING4tGkg3q8VLb,Timing_1(3),17.237,Timing_1,3,145
R_3kvbwPackXPANmo,Timing_1(3),2.263,Timing_1,3,145
R_3lRiG6M8Z6vKWZh,Timing_1(3),4.39,Timing_1,3,145
R_3q9cZ9NJjEx872v,Timing_1(3),6.611,Timing_1,3,145
R_ABt8n7PxUqkXqy5,Timing_1(3),5.119,Timing_1,3,145
R_3k6rPDoCD4kup7x,Timing_1(3),6.602,Timing_1,3,145
R_p6iBXJstulO97Jn,Timing_1(3),3.192,Timing_1,3,145
R_USFewLQTXHp0kPT,Timing_1(3),0.644,Timing_1,3,145
R_vrAH2qrxu41QSv7,Timing_1(4),7.361,Timing_1,4,146
R_6Pg4ql6MQumxZo9,Timing_1(4),2.408,Timing_1,4,146
R_1QaBlAsk46HI9NJ,Timing_1(4),3.819,Timing_1,4,146
R_pKtuHvEeh5mujgl,Timing_1(4),3.845,Timing_1,4,146
R_RrYmeJDnKB3hv7r,Timing_1(4),3.059,Timing_1,4,146
R_2alPe2ZkILnzWYp,Timing_1(4),4.988,Timing_1,4,146
R_24zMzQY1U9LX5Gf,Timing_1(4),2.913,Timing_1,4,146
R_2zAp7MZjWbJtouD,Timing_1(4),6.101,Timing_1,4,146
R_1lgea30X5yRbWgb,Timing_1(4),15.032,Timing_1,4,146
R_1dg0dAPlymYfFcu,Timing_1(4),3.323,Timing_1,4,146
R_23TSscPxb3G1aSA,Timing_1(4),5.358,Timing_1,4,146
R_3effdDALVVpFhkK,Timing_1(4),5.841,Timing_1,4,146
R_2PpvbvcItA8LcqM,Timing_1(4),12.727,Timing_1,4,146
R_25WvorTEPc7DuHX,Timing_1(4),6.15,Timing_1,4,146
R_ZJCIt5D6m80Wim5,Timing_1(4),4.033,Timing_1,4,146
R_6gQpeEEoAOw1CNz,Timing_1(4),3.5,Timing_1,4,146
R_UcJP3naTdDXJEDn,Timing_1(4),7.454,Timing_1,4,146
R_21pKbw8vqrjpJ4Q,Timing_1(4),6.678,Timing_1,4,146
R_1HiWKvIl546M44z,Timing_1(4),4.366,Timing_1,4,146
R_BFIiDPrnKiKOhkB,Timing_1(4),4.301,Timing_1,4,146
R_232AZeZQOdbRSAK,Timing_1(4),6.517,Timing_1,4,146
R_1odMwWpdALe3A7c,Timing_1(4),4.749,Timing_1,4,146
R_3CMZ1prTdwstnIi,Timing_1(4),2.908,Timing_1,4,146
R_2SDkvNUYWKzQ9b4,Timing_1(4),2.958,Timing_1,4,146
R_2qwqWlqovi1EnxK,Timing_1(4),5.689,Timing_1,4,146
R_1nSW9rReHHlwpSQ,Timing_1(4),4.536,Timing_1,4,146
R_3FPt6NNv7fs4bHV,Timing_1(4),4.062,Timing_1,4,146
R_2uOs8d5Okoyss7z,Timing_1(4),3.237,Timing_1,4,146
R_1JEdl2aEMuUO63f,Timing_1(4),4.121,Timing_1,4,146
R_6L3ln2BoQAzJw2d,Timing_1(4),1.218,Timing_1,4,146
R_xAA7goWcKMvmb1D,Timing_1(4),5.666,Timing_1,4,146
R_248iCMeSwyLS8sF,Timing_1(4),4.886,Timing_1,4,146
R_OING4tGkg3q8VLb,Timing_1(4),18.987,Timing_1,4,146
R_3kvbwPackXPANmo,Timing_1(4),1.56,Timing_1,4,146
R_3lRiG6M8Z6vKWZh,Timing_1(4),4.75,Timing_1,4,146
R_3q9cZ9NJjEx872v,Timing_1(4),4.805,Timing_1,4,146
R_ABt8n7PxUqkXqy5,Timing_1(4),3.368,Timing_1,4,146
R_3k6rPDoCD4kup7x,Timing_1(4),4.392,Timing_1,4,146
R_p6iBXJstulO97Jn,Timing_1(4),3.624,Timing_1,4,146
R_USFewLQTXHp0kPT,Timing_1(4),4.314,Timing_1,4,146
R_vrAH2qrxu41QSv7,Timing_1(5),11.047,Timing_1,5,147
R_6Pg4ql6MQumxZo9,Timing_1(5),2.934,Timing_1,5,147
R_1QaBlAsk46HI9NJ,Timing_1(5),4.58,Timing_1,5,147
R_pKtuHvEeh5mujgl,Timing_1(5),2.712,Timing_1,5,147
R_RrYmeJDnKB3hv7r,Timing_1(5),4.454,Timing_1,5,147
R_2alPe2ZkILnzWYp,Timing_1(5),9.528,Timing_1,5,147
R_24zMzQY1U9LX5Gf,Timing_1(5),2.319,Timing_1,5,147
R_2zAp7MZjWbJtouD,Timing_1(5),11.923,Timing_1,5,147
R_1lgea30X5yRbWgb,Timing_1(5),19.431,Timing_1,5,147
R_1dg0dAPlymYfFcu,Timing_1(5),1.819,Timing_1,5,147
R_23TSscPxb3G1aSA,Timing_1(5),4.872,Timing_1,5,147
R_3effdDALVVpFhkK,Timing_1(5),5.103,Timing_1,5,147
R_2PpvbvcItA8LcqM,Timing_1(5),7.042,Timing_1,5,147
R_25WvorTEPc7DuHX,Timing_1(5),6.779,Timing_1,5,147
R_ZJCIt5D6m80Wim5,Timing_1(5),7.42,Timing_1,5,147
R_6gQpeEEoAOw1CNz,Timing_1(5),2.479,Timing_1,5,147
R_UcJP3naTdDXJEDn,Timing_1(5),5.574,Timing_1,5,147
R_21pKbw8vqrjpJ4Q,Timing_1(5),6.84,Timing_1,5,147
R_1HiWKvIl546M44z,Timing_1(5),5.423,Timing_1,5,147
R_BFIiDPrnKiKOhkB,Timing_1(5),4.987,Timing_1,5,147
R_232AZeZQOdbRSAK,Timing_1(5),9.036,Timing_1,5,147
R_1odMwWpdALe3A7c,Timing_1(5),4.508,Timing_1,5,147
R_3CMZ1prTdwstnIi,Timing_1(5),3.278,Timing_1,5,147
R_2SDkvNUYWKzQ9b4,Timing_1(5),2.425,Timing_1,5,147
R_2qwqWlqovi1EnxK,Timing_1(5),10.99,Timing_1,5,147
R_1nSW9rReHHlwpSQ,Timing_1(5),6.305,Timing_1,5,147
R_3FPt6NNv7fs4bHV,Timing_1(5),3.861,Timing_1,5,147
R_2uOs8d5Okoyss7z,Timing_1(5),6.532,Timing_1,5,147
R_1JEdl2aEMuUO63f,Timing_1(5),3.84,Timing_1,5,147
R_6L3ln2BoQAzJw2d,Timing_1(5),1.733,Timing_1,5,147
R_xAA7goWcKMvmb1D,Timing_1(5),3.725,Timing_1,5,147
R_248iCMeSwyLS8sF,Timing_1(5),11.838,Timing_1,5,147
R_OING4tGkg3q8VLb,Timing_1(5),15.257,Timing_1,5,147
R_3kvbwPackXPANmo,Timing_1(5),2.265,Timing_1,5,147
R_3lRiG6M8Z6vKWZh,Timing_1(5),4.931,Timing_1,5,147
R_3q9cZ9NJjEx872v,Timing_1(5),6.118,Timing_1,5,147
R_ABt8n7PxUqkXqy5,Timing_1(5),5.784,Timing_1,5,147
R_3k6rPDoCD4kup7x,Timing_1(5),4.238,Timing_1,5,147
R_p6iBXJstulO97Jn,Timing_1(5),3.898,Timing_1,5,147
R_USFewLQTXHp0kPT,Timing_1(5),0.282,Timing_1,5,147
R_vrAH2qrxu41QSv7,Timing_1(6),6.595,Timing_1,6,148
R_6Pg4ql6MQumxZo9,Timing_1(6),1.602,Timing_1,6,148
R_1QaBlAsk46HI9NJ,Timing_1(6),6.057,Timing_1,6,148
R_pKtuHvEeh5mujgl,Timing_1(6),4.577,Timing_1,6,148
R_RrYmeJDnKB3hv7r,Timing_1(6),3.812,Timing_1,6,148
R_2alPe2ZkILnzWYp,Timing_1(6),4.68,Timing_1,6,148
R_24zMzQY1U9LX5Gf,Timing_1(6),3.443,Timing_1,6,148
R_2zAp7MZjWbJtouD,Timing_1(6),15.611,Timing_1,6,148
R_1lgea30X5yRbWgb,Timing_1(6),7.069,Timing_1,6,148
R_1dg0dAPlymYfFcu,Timing_1(6),3.556,Timing_1,6,148
R_23TSscPxb3G1aSA,Timing_1(6),27.178,Timing_1,6,148
R_3effdDALVVpFhkK,Timing_1(6),6.825,Timing_1,6,148
R_2PpvbvcItA8LcqM,Timing_1(6),8.138,Timing_1,6,148
R_25WvorTEPc7DuHX,Timing_1(6),4.799,Timing_1,6,148
R_ZJCIt5D6m80Wim5,Timing_1(6),4.685,Timing_1,6,148
R_6gQpeEEoAOw1CNz,Timing_1(6),4.364,Timing_1,6,148
R_UcJP3naTdDXJEDn,Timing_1(6),8.496,Timing_1,6,148
R_21pKbw8vqrjpJ4Q,Timing_1(6),8.101,Timing_1,6,148
R_1HiWKvIl546M44z,Timing_1(6),8.273,Timing_1,6,148
R_BFIiDPrnKiKOhkB,Timing_1(6),4.205,Timing_1,6,148
R_232AZeZQOdbRSAK,Timing_1(6),4.596,Timing_1,6,148
R_1odMwWpdALe3A7c,Timing_1(6),9.059,Timing_1,6,148
R_3CMZ1prTdwstnIi,Timing_1(6),3.983,Timing_1,6,148
R_2SDkvNUYWKzQ9b4,Timing_1(6),13.642,Timing_1,6,148
R_2qwqWlqovi1EnxK,Timing_1(6),15.428,Timing_1,6,148
R_1nSW9rReHHlwpSQ,Timing_1(6),7.36,Timing_1,6,148
R_3FPt6NNv7fs4bHV,Timing_1(6),4.144,Timing_1,6,148
R_2uOs8d5Okoyss7z,Timing_1(6),7.125,Timing_1,6,148
R_1JEdl2aEMuUO63f,Timing_1(6),9.171,Timing_1,6,148
R_6L3ln2BoQAzJw2d,Timing_1(6),2.54,Timing_1,6,148
R_xAA7goWcKMvmb1D,Timing_1(6),4.993,Timing_1,6,148
R_248iCMeSwyLS8sF,Timing_1(6),10.383,Timing_1,6,148
R_OING4tGkg3q8VLb,Timing_1(6),10.201,Timing_1,6,148
R_3kvbwPackXPANmo,Timing_1(6),3.476,Timing_1,6,148
R_3lRiG6M8Z6vKWZh,Timing_1(6),5.665,Timing_1,6,148
R_3q9cZ9NJjEx872v,Timing_1(6),5.016,Timing_1,6,148
R_ABt8n7PxUqkXqy5,Timing_1(6),8.766,Timing_1,6,148
R_3k6rPDoCD4kup7x,Timing_1(6),4.963,Timing_1,6,148
R_p6iBXJstulO97Jn,Timing_1(6),5.388,Timing_1,6,148
R_USFewLQTXHp0kPT,Timing_1(6),1.091,Timing_1,6,148
R_vrAH2qrxu41QSv7,Timing_1(7),7.373,Timing_1,7,149
R_6Pg4ql6MQumxZo9,Timing_1(7),1.365,Timing_1,7,149
R_1QaBlAsk46HI9NJ,Timing_1(7),11.03,Timing_1,7,149
R_pKtuHvEeh5mujgl,Timing_1(7),5.09,Timing_1,7,149
R_RrYmeJDnKB3hv7r,Timing_1(7),15.897,Timing_1,7,149
R_2alPe2ZkILnzWYp,Timing_1(7),12.191,Timing_1,7,149
R_24zMzQY1U9LX5Gf,Timing_1(7),5.15,Timing_1,7,149
R_2zAp7MZjWbJtouD,Timing_1(7),51.061,Timing_1,7,149
R_1lgea30X5yRbWgb,Timing_1(7),26.046,Timing_1,7,149
R_1dg0dAPlymYfFcu,Timing_1(7),6.029,Timing_1,7,149
R_23TSscPxb3G1aSA,Timing_1(7),6.143,Timing_1,7,149
R_3effdDALVVpFhkK,Timing_1(7),12.594,Timing_1,7,149
R_2PpvbvcItA8LcqM,Timing_1(7),10.269,Timing_1,7,149
R_25WvorTEPc7DuHX,Timing_1(7),8.948,Timing_1,7,149
R_ZJCIt5D6m80Wim5,Timing_1(7),15.365,Timing_1,7,149
R_6gQpeEEoAOw1CNz,Timing_1(7),10.849,Timing_1,7,149
R_UcJP3naTdDXJEDn,Timing_1(7),37.761,Timing_1,7,149
R_21pKbw8vqrjpJ4Q,Timing_1(7),14.553,Timing_1,7,149
R_1HiWKvIl546M44z,Timing_1(7),53.948,Timing_1,7,149
R_BFIiDPrnKiKOhkB,Timing_1(7),2.819,Timing_1,7,149
R_232AZeZQOdbRSAK,Timing_1(7),28.362,Timing_1,7,149
R_1odMwWpdALe3A7c,Timing_1(7),4.306,Timing_1,7,149
R_3CMZ1prTdwstnIi,Timing_1(7),3.63,Timing_1,7,149
R_2SDkvNUYWKzQ9b4,Timing_1(7),4.119,Timing_1,7,149
R_2qwqWlqovi1EnxK,Timing_1(7),14.037,Timing_1,7,149
R_1nSW9rReHHlwpSQ,Timing_1(7),15.997,Timing_1,7,149
R_3FPt6NNv7fs4bHV,Timing_1(7),5.843,Timing_1,7,149
R_2uOs8d5Okoyss7z,Timing_1(7),3.086,Timing_1,7,149
R_1JEdl2aEMuUO63f,Timing_1(7),4.764,Timing_1,7,149
R_6L3ln2BoQAzJw2d,Timing_1(7),1.706,Timing_1,7,149
R_xAA7goWcKMvmb1D,Timing_1(7),4.823,Timing_1,7,149
R_248iCMeSwyLS8sF,Timing_1(7),6.94,Timing_1,7,149
R_OING4tGkg3q8VLb,Timing_1(7),10.352,Timing_1,7,149
R_3kvbwPackXPANmo,Timing_1(7),2.966,Timing_1,7,149
R_3lRiG6M8Z6vKWZh,Timing_1(7),7.19,Timing_1,7,149
R_3q9cZ9NJjEx872v,Timing_1(7),5.845,Timing_1,7,149
R_ABt8n7PxUqkXqy5,Timing_1(7),6.454,Timing_1,7,149
R_3k6rPDoCD4kup7x,Timing_1(7),14.373,Timing_1,7,149
R_p6iBXJstulO97Jn,Timing_1(7),8.634,Timing_1,7,149
R_USFewLQTXHp0kPT,Timing_1(7),0.848,Timing_1,7,149
R_vrAH2qrxu41QSv7,Timing_1(8),3.954,Timing_1,8,150
R_6Pg4ql6MQumxZo9,Timing_1(8),2.754,Timing_1,8,150
R_1QaBlAsk46HI9NJ,Timing_1(8),4.309,Timing_1,8,150
R_pKtuHvEeh5mujgl,Timing_1(8),2.488,Timing_1,8,150
R_RrYmeJDnKB3hv7r,Timing_1(8),5.746,Timing_1,8,150
R_2alPe2ZkILnzWYp,Timing_1(8),3.839,Timing_1,8,150
R_24zMzQY1U9LX5Gf,Timing_1(8),3.436,Timing_1,8,150
R_2zAp7MZjWbJtouD,Timing_1(8),10.758,Timing_1,8,150
R_1lgea30X5yRbWgb,Timing_1(8),5.045,Timing_1,8,150
R_1dg0dAPlymYfFcu,Timing_1(8),6.504,Timing_1,8,150
R_23TSscPxb3G1aSA,Timing_1(8),4.355,Timing_1,8,150
R_3effdDALVVpFhkK,Timing_1(8),16.234,Timing_1,8,150
R_2PpvbvcItA8LcqM,Timing_1(8),8.034,Timing_1,8,150
R_25WvorTEPc7DuHX,Timing_1(8),7.599,Timing_1,8,150
R_ZJCIt5D6m80Wim5,Timing_1(8),3.661,Timing_1,8,150
R_6gQpeEEoAOw1CNz,Timing_1(8),3.131,Timing_1,8,150
R_UcJP3naTdDXJEDn,Timing_1(8),11.883,Timing_1,8,150
R_21pKbw8vqrjpJ4Q,Timing_1(8),5.573,Timing_1,8,150
R_1HiWKvIl546M44z,Timing_1(8),3.143,Timing_1,8,150
R_BFIiDPrnKiKOhkB,Timing_1(8),3.349,Timing_1,8,150
R_232AZeZQOdbRSAK,Timing_1(8),3.184,Timing_1,8,150
R_1odMwWpdALe3A7c,Timing_1(8),2.673,Timing_1,8,150
R_3CMZ1prTdwstnIi,Timing_1(8),2.626,Timing_1,8,150
R_2SDkvNUYWKzQ9b4,Timing_1(8),2.167,Timing_1,8,150
R_2qwqWlqovi1EnxK,Timing_1(8),5.017,Timing_1,8,150
R_1nSW9rReHHlwpSQ,Timing_1(8),7.339,Timing_1,8,150
R_3FPt6NNv7fs4bHV,Timing_1(8),7.391,Timing_1,8,150
R_2uOs8d5Okoyss7z,Timing_1(8),2.982,Timing_1,8,150
R_1JEdl2aEMuUO63f,Timing_1(8),5.291,Timing_1,8,150
R_6L3ln2BoQAzJw2d,Timing_1(8),2.005,Timing_1,8,150
R_xAA7goWcKMvmb1D,Timing_1(8),4.904,Timing_1,8,150
R_248iCMeSwyLS8sF,Timing_1(8),25.992,Timing_1,8,150
R_OING4tGkg3q8VLb,Timing_1(8),4.572,Timing_1,8,150
R_3kvbwPackXPANmo,Timing_1(8),2.288,Timing_1,8,150
R_3lRiG6M8Z6vKWZh,Timing_1(8),5.301,Timing_1,8,150
R_3q9cZ9NJjEx872v,Timing_1(8),7.374,Timing_1,8,150
R_ABt8n7PxUqkXqy5,Timing_1(8),3.492,Timing_1,8,150
R_3k6rPDoCD4kup7x,Timing_1(8),4.776,Timing_1,8,150
R_p6iBXJstulO97Jn,Timing_1(8),3.34,Timing_1,8,150
R_USFewLQTXHp0kPT,Timing_1(8),0.655,Timing_1,8,150
R_vrAH2qrxu41QSv7,Timing_1(9),15.525,Timing_1,9,151
R_6Pg4ql6MQumxZo9,Timing_1(9),1.446,Timing_1,9,151
R_1QaBlAsk46HI9NJ,Timing_1(9),9.588,Timing_1,9,151
R_pKtuHvEeh5mujgl,Timing_1(9),4.888,Timing_1,9,151
R_RrYmeJDnKB3hv7r,Timing_1(9),10.303,Timing_1,9,151
R_2alPe2ZkILnzWYp,Timing_1(9),7.006,Timing_1,9,151
R_24zMzQY1U9LX5Gf,Timing_1(9),3.156,Timing_1,9,151
R_2zAp7MZjWbJtouD,Timing_1(9),17.262,Timing_1,9,151
R_1lgea30X5yRbWgb,Timing_1(9),10.105,Timing_1,9,151
R_1dg0dAPlymYfFcu,Timing_1(9),3.862,Timing_1,9,151
R_23TSscPxb3G1aSA,Timing_1(9),7.63,Timing_1,9,151
R_3effdDALVVpFhkK,Timing_1(9),9.647,Timing_1,9,151
R_2PpvbvcItA8LcqM,Timing_1(9),8.588,Timing_1,9,151
R_25WvorTEPc7DuHX,Timing_1(9),6.032,Timing_1,9,151
R_ZJCIt5D6m80Wim5,Timing_1(9),10.145,Timing_1,9,151
R_6gQpeEEoAOw1CNz,Timing_1(9),4.936,Timing_1,9,151
R_UcJP3naTdDXJEDn,Timing_1(9),12.462,Timing_1,9,151
R_21pKbw8vqrjpJ4Q,Timing_1(9),7.553,Timing_1,9,151
R_1HiWKvIl546M44z,Timing_1(9),4.769,Timing_1,9,151
R_BFIiDPrnKiKOhkB,Timing_1(9),6.407,Timing_1,9,151
R_232AZeZQOdbRSAK,Timing_1(9),4.078,Timing_1,9,151
R_1odMwWpdALe3A7c,Timing_1(9),5.9,Timing_1,9,151
R_3CMZ1prTdwstnIi,Timing_1(9),2.572,Timing_1,9,151
R_2SDkvNUYWKzQ9b4,Timing_1(9),6.005,Timing_1,9,151
R_2qwqWlqovi1EnxK,Timing_1(9),13.325,Timing_1,9,151
R_1nSW9rReHHlwpSQ,Timing_1(9),13.942,Timing_1,9,151
R_3FPt6NNv7fs4bHV,Timing_1(9),8.59,Timing_1,9,151
R_2uOs8d5Okoyss7z,Timing_1(9),6.162,Timing_1,9,151
R_1JEdl2aEMuUO63f,Timing_1(9),4.185,Timing_1,9,151
R_6L3ln2BoQAzJw2d,Timing_1(9),1.407,Timing_1,9,151
R_xAA7goWcKMvmb1D,Timing_1(9),370.674,Timing_1,9,151
R_248iCMeSwyLS8sF,Timing_1(9),22.524,Timing_1,9,151
R_OING4tGkg3q8VLb,Timing_1(9),1.477,Timing_1,9,151
R_3kvbwPackXPANmo,Timing_1(9),1.999,Timing_1,9,151
R_3lRiG6M8Z6vKWZh,Timing_1(9),7.219,Timing_1,9,151
R_3q9cZ9NJjEx872v,Timing_1(9),8.064,Timing_1,9,151
R_ABt8n7PxUqkXqy5,Timing_1(9),7.157,Timing_1,9,151
R_3k6rPDoCD4kup7x,Timing_1(9),5.598,Timing_1,9,151
R_p6iBXJstulO97Jn,Timing_1(9),8.294,Timing_1,9,151
R_USFewLQTXHp0kPT,Timing_1(9),0.894,Timing_1,9,151
R_vrAH2qrxu41QSv7,Timing_1(10),3.826,Timing_1,10,152
R_6Pg4ql6MQumxZo9,Timing_1(10),6.717,Timing_1,10,152
R_1QaBlAsk46HI9NJ,Timing_1(10),3.489,Timing_1,10,152
R_pKtuHvEeh5mujgl,Timing_1(10),2.785,Timing_1,10,152
R_RrYmeJDnKB3hv7r,Timing_1(10),6.753,Timing_1,10,152
R_2alPe2ZkILnzWYp,Timing_1(10),3.186,Timing_1,10,152
R_24zMzQY1U9LX5Gf,Timing_1(10),2.624,Timing_1,10,152
R_2zAp7MZjWbJtouD,Timing_1(10),13.062,Timing_1,10,152
R_1lgea30X5yRbWgb,Timing_1(10),14.112,Timing_1,10,152
R_1dg0dAPlymYfFcu,Timing_1(10),4.524,Timing_1,10,152
R_23TSscPxb3G1aSA,Timing_1(10),4.375,Timing_1,10,152
R_3effdDALVVpFhkK,Timing_1(10),4.956,Timing_1,10,152
R_2PpvbvcItA8LcqM,Timing_1(10),4.302,Timing_1,10,152
R_25WvorTEPc7DuHX,Timing_1(10),3.987,Timing_1,10,152
R_ZJCIt5D6m80Wim5,Timing_1(10),7.391,Timing_1,10,152
R_6gQpeEEoAOw1CNz,Timing_1(10),2.192,Timing_1,10,152
R_UcJP3naTdDXJEDn,Timing_1(10),6.084,Timing_1,10,152
R_21pKbw8vqrjpJ4Q,Timing_1(10),5.737,Timing_1,10,152
R_1HiWKvIl546M44z,Timing_1(10),3.531,Timing_1,10,152
R_BFIiDPrnKiKOhkB,Timing_1(10),3.678,Timing_1,10,152
R_232AZeZQOdbRSAK,Timing_1(10),4.228,Timing_1,10,152
R_1odMwWpdALe3A7c,Timing_1(10),2.339,Timing_1,10,152
R_3CMZ1prTdwstnIi,Timing_1(10),1.832,Timing_1,10,152
R_2SDkvNUYWKzQ9b4,Timing_1(10),2.45,Timing_1,10,152
R_2qwqWlqovi1EnxK,Timing_1(10),4.266,Timing_1,10,152
R_1nSW9rReHHlwpSQ,Timing_1(10),1.815,Timing_1,10,152
R_3FPt6NNv7fs4bHV,Timing_1(10),4.029,Timing_1,10,152
R_2uOs8d5Okoyss7z,Timing_1(10),2.5,Timing_1,10,152
R_1JEdl2aEMuUO63f,Timing_1(10),1.937,Timing_1,10,152
R_6L3ln2BoQAzJw2d,Timing_1(10),2.18,Timing_1,10,152
R_xAA7goWcKMvmb1D,Timing_1(10),3.299,Timing_1,10,152
R_248iCMeSwyLS8sF,Timing_1(10),6.345,Timing_1,10,152
R_OING4tGkg3q8VLb,Timing_1(10),4.756,Timing_1,10,152
R_3kvbwPackXPANmo,Timing_1(10),2.733,Timing_1,10,152
R_3lRiG6M8Z6vKWZh,Timing_1(10),2.905,Timing_1,10,152
R_3q9cZ9NJjEx872v,Timing_1(10),4.41,Timing_1,10,152
R_ABt8n7PxUqkXqy5,Timing_1(10),2.335,Timing_1,10,152
R_3k6rPDoCD4kup7x,Timing_1(10),4.772,Timing_1,10,152
R_p6iBXJstulO97Jn,Timing_1(10),3.521,Timing_1,10,152
R_USFewLQTXHp0kPT,Timing_1(10),0.596,Timing_1,10,152
R_vrAH2qrxu41QSv7,Timing_1(11),4.394,Timing_1,11,153
R_6Pg4ql6MQumxZo9,Timing_1(11),2.308,Timing_1,11,153
R_1QaBlAsk46HI9NJ,Timing_1(11),2.79,Timing_1,11,153
R_pKtuHvEeh5mujgl,Timing_1(11),5.669,Timing_1,11,153
R_RrYmeJDnKB3hv7r,Timing_1(11),3.034,Timing_1,11,153
R_2alPe2ZkILnzWYp,Timing_1(11),3.732,Timing_1,11,153
R_24zMzQY1U9LX5Gf,Timing_1(11),3.964,Timing_1,11,153
R_2zAp7MZjWbJtouD,Timing_1(11),6.275,Timing_1,11,153
R_1lgea30X5yRbWgb,Timing_1(11),4.79,Timing_1,11,153
R_1dg0dAPlymYfFcu,Timing_1(11),2.804,Timing_1,11,153
R_23TSscPxb3G1aSA,Timing_1(11),3.645,Timing_1,11,153
R_3effdDALVVpFhkK,Timing_1(11),111.312,Timing_1,11,153
R_2PpvbvcItA8LcqM,Timing_1(11),6.305,Timing_1,11,153
R_25WvorTEPc7DuHX,Timing_1(11),4.993,Timing_1,11,153
R_ZJCIt5D6m80Wim5,Timing_1(11),22.899,Timing_1,11,153
R_6gQpeEEoAOw1CNz,Timing_1(11),6.445,Timing_1,11,153
R_UcJP3naTdDXJEDn,Timing_1(11),7.092,Timing_1,11,153
R_21pKbw8vqrjpJ4Q,Timing_1(11),8.655,Timing_1,11,153
R_1HiWKvIl546M44z,Timing_1(11),4.264,Timing_1,11,153
R_BFIiDPrnKiKOhkB,Timing_1(11),2.714,Timing_1,11,153
R_232AZeZQOdbRSAK,Timing_1(11),2.579,Timing_1,11,153
R_1odMwWpdALe3A7c,Timing_1(11),3.013,Timing_1,11,153
R_3CMZ1prTdwstnIi,Timing_1(11),2.625,Timing_1,11,153
R_2SDkvNUYWKzQ9b4,Timing_1(11),2.105,Timing_1,11,153
R_2qwqWlqovi1EnxK,Timing_1(11),3.973,Timing_1,11,153
R_1nSW9rReHHlwpSQ,Timing_1(11),7.073,Timing_1,11,153
R_3FPt6NNv7fs4bHV,Timing_1(11),2.272,Timing_1,11,153
R_2uOs8d5Okoyss7z,Timing_1(11),1.967,Timing_1,11,153
R_1JEdl2aEMuUO63f,Timing_1(11),2.866,Timing_1,11,153
R_6L3ln2BoQAzJw2d,Timing_1(11),1.022,Timing_1,11,153
R_xAA7goWcKMvmb1D,Timing_1(11),9.999,Timing_1,11,153
R_248iCMeSwyLS8sF,Timing_1(11),11.746,Timing_1,11,153
R_OING4tGkg3q8VLb,Timing_1(11),16.543,Timing_1,11,153
R_3kvbwPackXPANmo,Timing_1(11),2.051,Timing_1,11,153
R_3lRiG6M8Z6vKWZh,Timing_1(11),3.042,Timing_1,11,153
R_3q9cZ9NJjEx872v,Timing_1(11),4.119,Timing_1,11,153
R_ABt8n7PxUqkXqy5,Timing_1(11),2.998,Timing_1,11,153
R_3k6rPDoCD4kup7x,Timing_1(11),3.914,Timing_1,11,153
R_p6iBXJstulO97Jn,Timing_1(11),2.74,Timing_1,11,153
R_USFewLQTXHp0kPT,Timing_1(11),3.071,Timing_1,11,153
R_vrAH2qrxu41QSv7,Timing_1(12),8.101,Timing_1,12,154
R_6Pg4ql6MQumxZo9,Timing_1(12),1.565,Timing_1,12,154
R_1QaBlAsk46HI9NJ,Timing_1(12),4.466,Timing_1,12,154
R_pKtuHvEeh5mujgl,Timing_1(12),9.056,Timing_1,12,154
R_RrYmeJDnKB3hv7r,Timing_1(12),6.809,Timing_1,12,154
R_2alPe2ZkILnzWYp,Timing_1(12),9.63,Timing_1,12,154
R_24zMzQY1U9LX5Gf,Timing_1(12),5.169,Timing_1,12,154
R_2zAp7MZjWbJtouD,Timing_1(12),10.673,Timing_1,12,154
R_1lgea30X5yRbWgb,Timing_1(12),6.858,Timing_1,12,154
R_1dg0dAPlymYfFcu,Timing_1(12),3.785,Timing_1,12,154
R_23TSscPxb3G1aSA,Timing_1(12),5.382,Timing_1,12,154
R_3effdDALVVpFhkK,Timing_1(12),5.287,Timing_1,12,154
R_2PpvbvcItA8LcqM,Timing_1(12),4.933,Timing_1,12,154
R_25WvorTEPc7DuHX,Timing_1(12),8.201,Timing_1,12,154
R_ZJCIt5D6m80Wim5,Timing_1(12),7.53,Timing_1,12,154
R_6gQpeEEoAOw1CNz,Timing_1(12),3.366,Timing_1,12,154
R_UcJP3naTdDXJEDn,Timing_1(12),10.694,Timing_1,12,154
R_21pKbw8vqrjpJ4Q,Timing_1(12),59.264,Timing_1,12,154
R_1HiWKvIl546M44z,Timing_1(12),4.382,Timing_1,12,154
R_BFIiDPrnKiKOhkB,Timing_1(12),9.619,Timing_1,12,154
R_232AZeZQOdbRSAK,Timing_1(12),7.784,Timing_1,12,154
R_1odMwWpdALe3A7c,Timing_1(12),4.345,Timing_1,12,154
R_3CMZ1prTdwstnIi,Timing_1(12),2.96,Timing_1,12,154
R_2SDkvNUYWKzQ9b4,Timing_1(12),3.389,Timing_1,12,154
R_2qwqWlqovi1EnxK,Timing_1(12),9.442,Timing_1,12,154
R_1nSW9rReHHlwpSQ,Timing_1(12),6.883,Timing_1,12,154
R_3FPt6NNv7fs4bHV,Timing_1(12),4.405,Timing_1,12,154
R_2uOs8d5Okoyss7z,Timing_1(12),8.212,Timing_1,12,154
R_1JEdl2aEMuUO63f,Timing_1(12),5.674,Timing_1,12,154
R_6L3ln2BoQAzJw2d,Timing_1(12),2.844,Timing_1,12,154
R_xAA7goWcKMvmb1D,Timing_1(12),13.229,Timing_1,12,154
R_248iCMeSwyLS8sF,Timing_1(12),10.642,Timing_1,12,154
R_OING4tGkg3q8VLb,Timing_1(12),15.551,Timing_1,12,154
R_3kvbwPackXPANmo,Timing_1(12),3.858,Timing_1,12,154
R_3lRiG6M8Z6vKWZh,Timing_1(12),6.079,Timing_1,12,154
R_3q9cZ9NJjEx872v,Timing_1(12),8.792,Timing_1,12,154
R_ABt8n7PxUqkXqy5,Timing_1(12),6.144,Timing_1,12,154
R_3k6rPDoCD4kup7x,Timing_1(12),6.768,Timing_1,12,154
R_p6iBXJstulO97Jn,Timing_1(12),5.258,Timing_1,12,154
R_USFewLQTXHp0kPT,Timing_1(12),1.08,Timing_1,12,154
R_vrAH2qrxu41QSv7,Timing_1(13),0.614,Timing_1,13,155
R_6Pg4ql6MQumxZo9,Timing_1(13),2.164,Timing_1,13,155
R_1QaBlAsk46HI9NJ,Timing_1(13),79.139,Timing_1,13,155
R_pKtuHvEeh5mujgl,Timing_1(13),5.112,Timing_1,13,155
R_RrYmeJDnKB3hv7r,Timing_1(13),8.181,Timing_1,13,155
R_2alPe2ZkILnzWYp,Timing_1(13),10.591,Timing_1,13,155
R_24zMzQY1U9LX5Gf,Timing_1(13),6.565,Timing_1,13,155
R_2zAp7MZjWbJtouD,Timing_1(13),6.142,Timing_1,13,155
R_1lgea30X5yRbWgb,Timing_1(13),7.105,Timing_1,13,155
R_1dg0dAPlymYfFcu,Timing_1(13),4.818,Timing_1,13,155
R_23TSscPxb3G1aSA,Timing_1(13),4.441,Timing_1,13,155
R_3effdDALVVpFhkK,Timing_1(13),9.923,Timing_1,13,155
R_2PpvbvcItA8LcqM,Timing_1(13),6.682,Timing_1,13,155
R_25WvorTEPc7DuHX,Timing_1(13),8.565,Timing_1,13,155
R_ZJCIt5D6m80Wim5,Timing_1(13),7.065,Timing_1,13,155
R_6gQpeEEoAOw1CNz,Timing_1(13),3.555,Timing_1,13,155
R_UcJP3naTdDXJEDn,Timing_1(13),5.896,Timing_1,13,155
R_21pKbw8vqrjpJ4Q,Timing_1(13),8.086,Timing_1,13,155
R_1HiWKvIl546M44z,Timing_1(13),6.635,Timing_1,13,155
R_BFIiDPrnKiKOhkB,Timing_1(13),8.245,Timing_1,13,155
R_232AZeZQOdbRSAK,Timing_1(13),6.499,Timing_1,13,155
R_1odMwWpdALe3A7c,Timing_1(13),4.742,Timing_1,13,155
R_3CMZ1prTdwstnIi,Timing_1(13),2.45,Timing_1,13,155
R_2SDkvNUYWKzQ9b4,Timing_1(13),1.909,Timing_1,13,155
R_2qwqWlqovi1EnxK,Timing_1(13),6.785,Timing_1,13,155
R_1nSW9rReHHlwpSQ,Timing_1(13),3.309,Timing_1,13,155
R_3FPt6NNv7fs4bHV,Timing_1(13),3.122,Timing_1,13,155
R_2uOs8d5Okoyss7z,Timing_1(13),0.979,Timing_1,13,155
R_1JEdl2aEMuUO63f,Timing_1(13),5.923,Timing_1,13,155
R_6L3ln2BoQAzJw2d,Timing_1(13),2.346,Timing_1,13,155
R_xAA7goWcKMvmb1D,Timing_1(13),16.066,Timing_1,13,155
R_248iCMeSwyLS8sF,Timing_1(13),23.208,Timing_1,13,155
R_OING4tGkg3q8VLb,Timing_1(13),43.604,Timing_1,13,155
R_3kvbwPackXPANmo,Timing_1(13),2.359,Timing_1,13,155
R_3lRiG6M8Z6vKWZh,Timing_1(13),6.423,Timing_1,13,155
R_3q9cZ9NJjEx872v,Timing_1(13),9.057,Timing_1,13,155
R_ABt8n7PxUqkXqy5,Timing_1(13),9.596,Timing_1,13,155
R_3k6rPDoCD4kup7x,Timing_1(13),4.234,Timing_1,13,155
R_p6iBXJstulO97Jn,Timing_1(13),4.706,Timing_1,13,155
R_USFewLQTXHp0kPT,Timing_1(13),3.56,Timing_1,13,155
R_vrAH2qrxu41QSv7,Timing_1(14),5.5,Timing_1,14,156
R_6Pg4ql6MQumxZo9,Timing_1(14),3.79,Timing_1,14,156
R_1QaBlAsk46HI9NJ,Timing_1(14),5.729,Timing_1,14,156
R_pKtuHvEeh5mujgl,Timing_1(14),5.392,Timing_1,14,156
R_RrYmeJDnKB3hv7r,Timing_1(14),4.02,Timing_1,14,156
R_2alPe2ZkILnzWYp,Timing_1(14),29.242,Timing_1,14,156
R_24zMzQY1U9LX5Gf,Timing_1(14),4.494,Timing_1,14,156
R_2zAp7MZjWbJtouD,Timing_1(14),13.51,Timing_1,14,156
R_1lgea30X5yRbWgb,Timing_1(14),7.217,Timing_1,14,156
R_1dg0dAPlymYfFcu,Timing_1(14),3.085,Timing_1,14,156
R_23TSscPxb3G1aSA,Timing_1(14),5.053,Timing_1,14,156
R_3effdDALVVpFhkK,Timing_1(14),9.031,Timing_1,14,156
R_2PpvbvcItA8LcqM,Timing_1(14),6.701,Timing_1,14,156
R_25WvorTEPc7DuHX,Timing_1(14),7.601,Timing_1,14,156
R_ZJCIt5D6m80Wim5,Timing_1(14),7.43,Timing_1,14,156
R_6gQpeEEoAOw1CNz,Timing_1(14),9.073,Timing_1,14,156
R_UcJP3naTdDXJEDn,Timing_1(14),18.349,Timing_1,14,156
R_21pKbw8vqrjpJ4Q,Timing_1(14),14.325,Timing_1,14,156
R_1HiWKvIl546M44z,Timing_1(14),4.314,Timing_1,14,156
R_BFIiDPrnKiKOhkB,Timing_1(14),8.218,Timing_1,14,156
R_232AZeZQOdbRSAK,Timing_1(14),5.982,Timing_1,14,156
R_1odMwWpdALe3A7c,Timing_1(14),9.777,Timing_1,14,156
R_3CMZ1prTdwstnIi,Timing_1(14),2.903,Timing_1,14,156
R_2SDkvNUYWKzQ9b4,Timing_1(14),3.185,Timing_1,14,156
R_2qwqWlqovi1EnxK,Timing_1(14),6.616,Timing_1,14,156
R_1nSW9rReHHlwpSQ,Timing_1(14),21.512,Timing_1,14,156
R_3FPt6NNv7fs4bHV,Timing_1(14),3.954,Timing_1,14,156
R_2uOs8d5Okoyss7z,Timing_1(14),7.992,Timing_1,14,156
R_1JEdl2aEMuUO63f,Timing_1(14),5.108,Timing_1,14,156
R_6L3ln2BoQAzJw2d,Timing_1(14),1.877,Timing_1,14,156
R_xAA7goWcKMvmb1D,Timing_1(14),18.644,Timing_1,14,156
R_248iCMeSwyLS8sF,Timing_1(14),10.331,Timing_1,14,156
R_OING4tGkg3q8VLb,Timing_1(14),8.001,Timing_1,14,156
R_3kvbwPackXPANmo,Timing_1(14),4.609,Timing_1,14,156
R_3lRiG6M8Z6vKWZh,Timing_1(14),4.934,Timing_1,14,156
R_3q9cZ9NJjEx872v,Timing_1(14),9.43,Timing_1,14,156
R_ABt8n7PxUqkXqy5,Timing_1(14),8.254,Timing_1,14,156
R_3k6rPDoCD4kup7x,Timing_1(14),5.537,Timing_1,14,156
R_p6iBXJstulO97Jn,Timing_1(14),7.075,Timing_1,14,156
R_USFewLQTXHp0kPT,Timing_1(14),0.716,Timing_1,14,156
R_vrAH2qrxu41QSv7,Timing_1(15),5.315,Timing_1,15,157
R_6Pg4ql6MQumxZo9,Timing_1(15),2.118,Timing_1,15,157
R_1QaBlAsk46HI9NJ,Timing_1(15),5.694,Timing_1,15,157
R_pKtuHvEeh5mujgl,Timing_1(15),4.328,Timing_1,15,157
R_RrYmeJDnKB3hv7r,Timing_1(15),7.088,Timing_1,15,157
R_2alPe2ZkILnzWYp,Timing_1(15),7.447,Timing_1,15,157
R_24zMzQY1U9LX5Gf,Timing_1(15),3.088,Timing_1,15,157
R_2zAp7MZjWbJtouD,Timing_1(15),5.638,Timing_1,15,157
R_1lgea30X5yRbWgb,Timing_1(15),12.574,Timing_1,15,157
R_1dg0dAPlymYfFcu,Timing_1(15),3.39,Timing_1,15,157
R_23TSscPxb3G1aSA,Timing_1(15),4.848,Timing_1,15,157
R_3effdDALVVpFhkK,Timing_1(15),5.813,Timing_1,15,157
R_2PpvbvcItA8LcqM,Timing_1(15),10.265,Timing_1,15,157
R_25WvorTEPc7DuHX,Timing_1(15),7.792,Timing_1,15,157
R_ZJCIt5D6m80Wim5,Timing_1(15),9.066,Timing_1,15,157
R_6gQpeEEoAOw1CNz,Timing_1(15),5.253,Timing_1,15,157
R_UcJP3naTdDXJEDn,Timing_1(15),9.831,Timing_1,15,157
R_21pKbw8vqrjpJ4Q,Timing_1(15),8.333,Timing_1,15,157
R_1HiWKvIl546M44z,Timing_1(15),4.486,Timing_1,15,157
R_BFIiDPrnKiKOhkB,Timing_1(15),3.227,Timing_1,15,157
R_232AZeZQOdbRSAK,Timing_1(15),4.739,Timing_1,15,157
R_1odMwWpdALe3A7c,Timing_1(15),17.863,Timing_1,15,157
R_3CMZ1prTdwstnIi,Timing_1(15),3.252,Timing_1,15,157
R_2SDkvNUYWKzQ9b4,Timing_1(15),2.561,Timing_1,15,157
R_2qwqWlqovi1EnxK,Timing_1(15),24.523,Timing_1,15,157
R_1nSW9rReHHlwpSQ,Timing_1(15),4.431,Timing_1,15,157
R_3FPt6NNv7fs4bHV,Timing_1(15),6.148,Timing_1,15,157
R_2uOs8d5Okoyss7z,Timing_1(15),6.043,Timing_1,15,157
R_1JEdl2aEMuUO63f,Timing_1(15),4.695,Timing_1,15,157
R_6L3ln2BoQAzJw2d,Timing_1(15),2.679,Timing_1,15,157
R_xAA7goWcKMvmb1D,Timing_1(15),4.31,Timing_1,15,157
R_248iCMeSwyLS8sF,Timing_1(15),27.189,Timing_1,15,157
R_OING4tGkg3q8VLb,Timing_1(15),7.388,Timing_1,15,157
R_3kvbwPackXPANmo,Timing_1(15),2.416,Timing_1,15,157
R_3lRiG6M8Z6vKWZh,Timing_1(15),4.775,Timing_1,15,157
R_3q9cZ9NJjEx872v,Timing_1(15),4.283,Timing_1,15,157
R_ABt8n7PxUqkXqy5,Timing_1(15),5.58,Timing_1,15,157
R_3k6rPDoCD4kup7x,Timing_1(15),11.012,Timing_1,15,157
R_p6iBXJstulO97Jn,Timing_1(15),8.291,Timing_1,15,157
R_USFewLQTXHp0kPT,Timing_1(15),0.577,Timing_1,15,157
R_vrAH2qrxu41QSv7,Timing_1(16),4.587,Timing_1,16,158
R_6Pg4ql6MQumxZo9,Timing_1(16),2.078,Timing_1,16,158
R_1QaBlAsk46HI9NJ,Timing_1(16),5.291,Timing_1,16,158
R_pKtuHvEeh5mujgl,Timing_1(16),3.309,Timing_1,16,158
R_RrYmeJDnKB3hv7r,Timing_1(16),4.349,Timing_1,16,158
R_2alPe2ZkILnzWYp,Timing_1(16),5.881,Timing_1,16,158
R_24zMzQY1U9LX5Gf,Timing_1(16),5.155,Timing_1,16,158
R_2zAp7MZjWbJtouD,Timing_1(16),9.29,Timing_1,16,158
R_1lgea30X5yRbWgb,Timing_1(16),4.465,Timing_1,16,158
R_1dg0dAPlymYfFcu,Timing_1(16),3.842,Timing_1,16,158
R_23TSscPxb3G1aSA,Timing_1(16),6.016,Timing_1,16,158
R_3effdDALVVpFhkK,Timing_1(16),7.051,Timing_1,16,158
R_2PpvbvcItA8LcqM,Timing_1(16),9.758,Timing_1,16,158
R_25WvorTEPc7DuHX,Timing_1(16),9.248,Timing_1,16,158
R_ZJCIt5D6m80Wim5,Timing_1(16),5.857,Timing_1,16,158
R_6gQpeEEoAOw1CNz,Timing_1(16),3.075,Timing_1,16,158
R_UcJP3naTdDXJEDn,Timing_1(16),7.85,Timing_1,16,158
R_21pKbw8vqrjpJ4Q,Timing_1(16),5.099,Timing_1,16,158
R_1HiWKvIl546M44z,Timing_1(16),5.855,Timing_1,16,158
R_BFIiDPrnKiKOhkB,Timing_1(16),3.461,Timing_1,16,158
R_232AZeZQOdbRSAK,Timing_1(16),4.094,Timing_1,16,158
R_1odMwWpdALe3A7c,Timing_1(16),3.577,Timing_1,16,158
R_3CMZ1prTdwstnIi,Timing_1(16),2.152,Timing_1,16,158
R_2SDkvNUYWKzQ9b4,Timing_1(16),1.322,Timing_1,16,158
R_2qwqWlqovi1EnxK,Timing_1(16),3.411,Timing_1,16,158
R_1nSW9rReHHlwpSQ,Timing_1(16),10.725,Timing_1,16,158
R_3FPt6NNv7fs4bHV,Timing_1(16),3.719,Timing_1,16,158
R_2uOs8d5Okoyss7z,Timing_1(16),3.328,Timing_1,16,158
R_1JEdl2aEMuUO63f,Timing_1(16),2.721,Timing_1,16,158
R_6L3ln2BoQAzJw2d,Timing_1(16),1.656,Timing_1,16,158
R_xAA7goWcKMvmb1D,Timing_1(16),4.407,Timing_1,16,158
R_248iCMeSwyLS8sF,Timing_1(16),14.556,Timing_1,16,158
R_OING4tGkg3q8VLb,Timing_1(16),8.103,Timing_1,16,158
R_3kvbwPackXPANmo,Timing_1(16),1.525,Timing_1,16,158
R_3lRiG6M8Z6vKWZh,Timing_1(16),4.28,Timing_1,16,158
R_3q9cZ9NJjEx872v,Timing_1(16),5.025,Timing_1,16,158
R_ABt8n7PxUqkXqy5,Timing_1(16),10.938,Timing_1,16,158
R_3k6rPDoCD4kup7x,Timing_1(16),4.437,Timing_1,16,158
R_p6iBXJstulO97Jn,Timing_1(16),2.932,Timing_1,16,158
R_USFewLQTXHp0kPT,Timing_1(16),0.532,Timing_1,16,158
R_vrAH2qrxu41QSv7,Timing_1(17),44.656,Timing_1,17,159
R_6Pg4ql6MQumxZo9,Timing_1(17),1.834,Timing_1,17,159
R_1QaBlAsk46HI9NJ,Timing_1(17),4.976,Timing_1,17,159
R_pKtuHvEeh5mujgl,Timing_1(17),5.957,Timing_1,17,159
R_RrYmeJDnKB3hv7r,Timing_1(17),6.689,Timing_1,17,159
R_2alPe2ZkILnzWYp,Timing_1(17),4.894,Timing_1,17,159
R_24zMzQY1U9LX5Gf,Timing_1(17),3.428,Timing_1,17,159
R_2zAp7MZjWbJtouD,Timing_1(17),9.963,Timing_1,17,159
R_1lgea30X5yRbWgb,Timing_1(17),10.524,Timing_1,17,159
R_1dg0dAPlymYfFcu,Timing_1(17),2.918,Timing_1,17,159
R_23TSscPxb3G1aSA,Timing_1(17),4.167,Timing_1,17,159
R_3effdDALVVpFhkK,Timing_1(17),11.445,Timing_1,17,159
R_2PpvbvcItA8LcqM,Timing_1(17),8.352,Timing_1,17,159
R_25WvorTEPc7DuHX,Timing_1(17),8.465,Timing_1,17,159
R_ZJCIt5D6m80Wim5,Timing_1(17),14.021,Timing_1,17,159
R_6gQpeEEoAOw1CNz,Timing_1(17),11.636,Timing_1,17,159
R_UcJP3naTdDXJEDn,Timing_1(17),12.195,Timing_1,17,159
R_21pKbw8vqrjpJ4Q,Timing_1(17),13.149,Timing_1,17,159
R_1HiWKvIl546M44z,Timing_1(17),4.436,Timing_1,17,159
R_BFIiDPrnKiKOhkB,Timing_1(17),3.155,Timing_1,17,159
R_232AZeZQOdbRSAK,Timing_1(17),7.946,Timing_1,17,159
R_1odMwWpdALe3A7c,Timing_1(17),4.716,Timing_1,17,159
R_3CMZ1prTdwstnIi,Timing_1(17),2.853,Timing_1,17,159
R_2SDkvNUYWKzQ9b4,Timing_1(17),1.208,Timing_1,17,159
R_2qwqWlqovi1EnxK,Timing_1(17),5.873,Timing_1,17,159
R_1nSW9rReHHlwpSQ,Timing_1(17),5.253,Timing_1,17,159
R_3FPt6NNv7fs4bHV,Timing_1(17),3.524,Timing_1,17,159
R_2uOs8d5Okoyss7z,Timing_1(17),39.894,Timing_1,17,159
R_1JEdl2aEMuUO63f,Timing_1(17),6.085,Timing_1,17,159
R_6L3ln2BoQAzJw2d,Timing_1(17),2.173,Timing_1,17,159
R_xAA7goWcKMvmb1D,Timing_1(17),3.468,Timing_1,17,159
R_248iCMeSwyLS8sF,Timing_1(17),10.413,Timing_1,17,159
R_OING4tGkg3q8VLb,Timing_1(17),17.804,Timing_1,17,159
R_3kvbwPackXPANmo,Timing_1(17),6.804,Timing_1,17,159
R_3lRiG6M8Z6vKWZh,Timing_1(17),6.199,Timing_1,17,159
R_3q9cZ9NJjEx872v,Timing_1(17),6.261,Timing_1,17,159
R_ABt8n7PxUqkXqy5,Timing_1(17),5.556,Timing_1,17,159
R_3k6rPDoCD4kup7x,Timing_1(17),9.277,Timing_1,17,159
R_p6iBXJstulO97Jn,Timing_1(17),4.996,Timing_1,17,159
R_USFewLQTXHp0kPT,Timing_1(17),4.787,Timing_1,17,159
R_vrAH2qrxu41QSv7,Timing_1(18),9.369,Timing_1,18,160
R_6Pg4ql6MQumxZo9,Timing_1(18),1.507,Timing_1,18,160
R_1QaBlAsk46HI9NJ,Timing_1(18),6.372,Timing_1,18,160
R_pKtuHvEeh5mujgl,Timing_1(18),11.038,Timing_1,18,160
R_RrYmeJDnKB3hv7r,Timing_1(18),3.08,Timing_1,18,160
R_2alPe2ZkILnzWYp,Timing_1(18),27.176,Timing_1,18,160
R_24zMzQY1U9LX5Gf,Timing_1(18),12.318,Timing_1,18,160
R_2zAp7MZjWbJtouD,Timing_1(18),49.879,Timing_1,18,160
R_1lgea30X5yRbWgb,Timing_1(18),8.71,Timing_1,18,160
R_1dg0dAPlymYfFcu,Timing_1(18),6.29,Timing_1,18,160
R_23TSscPxb3G1aSA,Timing_1(18),8.68,Timing_1,18,160
R_3effdDALVVpFhkK,Timing_1(18),15.2,Timing_1,18,160
R_2PpvbvcItA8LcqM,Timing_1(18),14.219,Timing_1,18,160
R_25WvorTEPc7DuHX,Timing_1(18),6.705,Timing_1,18,160
R_ZJCIt5D6m80Wim5,Timing_1(18),26.744,Timing_1,18,160
R_6gQpeEEoAOw1CNz,Timing_1(18),3.833,Timing_1,18,160
R_UcJP3naTdDXJEDn,Timing_1(18),15.254,Timing_1,18,160
R_21pKbw8vqrjpJ4Q,Timing_1(18),13.789,Timing_1,18,160
R_1HiWKvIl546M44z,Timing_1(18),5.677,Timing_1,18,160
R_BFIiDPrnKiKOhkB,Timing_1(18),11.234,Timing_1,18,160
R_232AZeZQOdbRSAK,Timing_1(18),15.11,Timing_1,18,160
R_1odMwWpdALe3A7c,Timing_1(18),3.28,Timing_1,18,160
R_3CMZ1prTdwstnIi,Timing_1(18),3.122,Timing_1,18,160
R_2SDkvNUYWKzQ9b4,Timing_1(18),2.393,Timing_1,18,160
R_2qwqWlqovi1EnxK,Timing_1(18),16.697,Timing_1,18,160
R_1nSW9rReHHlwpSQ,Timing_1(18),26.762,Timing_1,18,160
R_3FPt6NNv7fs4bHV,Timing_1(18),5.466,Timing_1,18,160
R_2uOs8d5Okoyss7z,Timing_1(18),4.59,Timing_1,18,160
R_1JEdl2aEMuUO63f,Timing_1(18),21.239,Timing_1,18,160
R_6L3ln2BoQAzJw2d,Timing_1(18),4.612,Timing_1,18,160
R_xAA7goWcKMvmb1D,Timing_1(18),1.246,Timing_1,18,160
R_248iCMeSwyLS8sF,Timing_1(18),37.582,Timing_1,18,160
R_OING4tGkg3q8VLb,Timing_1(18),12.823,Timing_1,18,160
R_3kvbwPackXPANmo,Timing_1(18),2.845,Timing_1,18,160
R_3lRiG6M8Z6vKWZh,Timing_1(18),14.567,Timing_1,18,160
R_3q9cZ9NJjEx872v,Timing_1(18),5.222,Timing_1,18,160
R_ABt8n7PxUqkXqy5,Timing_1(18),5.022,Timing_1,18,160
R_3k6rPDoCD4kup7x,Timing_1(18),4.949,Timing_1,18,160
R_p6iBXJstulO97Jn,Timing_1(18),45.317,Timing_1,18,160
R_USFewLQTXHp0kPT,Timing_1(18),0.608,Timing_1,18,160
R_vrAH2qrxu41QSv7,Timing_1(19),3.68,Timing_1,19,161
R_6Pg4ql6MQumxZo9,Timing_1(19),6.222,Timing_1,19,161
R_1QaBlAsk46HI9NJ,Timing_1(19),4.267,Timing_1,19,161
R_pKtuHvEeh5mujgl,Timing_1(19),3.024,Timing_1,19,161
R_RrYmeJDnKB3hv7r,Timing_1(19),3.065,Timing_1,19,161
R_2alPe2ZkILnzWYp,Timing_1(19),2.869,Timing_1,19,161
R_24zMzQY1U9LX5Gf,Timing_1(19),1.525,Timing_1,19,161
R_2zAp7MZjWbJtouD,Timing_1(19),6.831,Timing_1,19,161
R_1lgea30X5yRbWgb,Timing_1(19),12.247,Timing_1,19,161
R_1dg0dAPlymYfFcu,Timing_1(19),2.876,Timing_1,19,161
R_23TSscPxb3G1aSA,Timing_1(19),3.485,Timing_1,19,161
R_3effdDALVVpFhkK,Timing_1(19),6.056,Timing_1,19,161
R_2PpvbvcItA8LcqM,Timing_1(19),7.042,Timing_1,19,161
R_25WvorTEPc7DuHX,Timing_1(19),5.793,Timing_1,19,161
R_ZJCIt5D6m80Wim5,Timing_1(19),12.056,Timing_1,19,161
R_6gQpeEEoAOw1CNz,Timing_1(19),2.082,Timing_1,19,161
R_UcJP3naTdDXJEDn,Timing_1(19),3.366,Timing_1,19,161
R_21pKbw8vqrjpJ4Q,Timing_1(19),4.707,Timing_1,19,161
R_1HiWKvIl546M44z,Timing_1(19),2.809,Timing_1,19,161
R_BFIiDPrnKiKOhkB,Timing_1(19),3.053,Timing_1,19,161
R_232AZeZQOdbRSAK,Timing_1(19),3.397,Timing_1,19,161
R_1odMwWpdALe3A7c,Timing_1(19),2.997,Timing_1,19,161
R_3CMZ1prTdwstnIi,Timing_1(19),2.345,Timing_1,19,161
R_2SDkvNUYWKzQ9b4,Timing_1(19),1.637,Timing_1,19,161
R_2qwqWlqovi1EnxK,Timing_1(19),2.707,Timing_1,19,161
R_1nSW9rReHHlwpSQ,Timing_1(19),4.47,Timing_1,19,161
R_3FPt6NNv7fs4bHV,Timing_1(19),3.831,Timing_1,19,161
R_2uOs8d5Okoyss7z,Timing_1(19),2.186,Timing_1,19,161
R_1JEdl2aEMuUO63f,Timing_1(19),2.342,Timing_1,19,161
R_6L3ln2BoQAzJw2d,Timing_1(19),1.186,Timing_1,19,161
R_xAA7goWcKMvmb1D,Timing_1(19),4.925,Timing_1,19,161
R_248iCMeSwyLS8sF,Timing_1(19),11.878,Timing_1,19,161
R_OING4tGkg3q8VLb,Timing_1(19),5.409,Timing_1,19,161
R_3kvbwPackXPANmo,Timing_1(19),1.764,Timing_1,19,161
R_3lRiG6M8Z6vKWZh,Timing_1(19),4.19,Timing_1,19,161
R_3q9cZ9NJjEx872v,Timing_1(19),6.613,Timing_1,19,161
R_ABt8n7PxUqkXqy5,Timing_1(19),3.524,Timing_1,19,161
R_3k6rPDoCD4kup7x,Timing_1(19),5.318,Timing_1,19,161
R_p6iBXJstulO97Jn,Timing_1(19),4.294,Timing_1,19,161
R_USFewLQTXHp0kPT,Timing_1(19),0.405,Timing_1,19,161
