subj_id,qual_col,NatNess,measure,row,sentID
R_vrAH2qrxu41QSv7,Natural(1),5.0,Natural,1,143
R_6Pg4ql6MQumxZo9,Natural(1),5.0,Natural,1,143
R_1QaBlAsk46HI9NJ,Natural(1),5.0,Natural,1,143
R_pKtuHvEeh5mujgl,Natural(1),5.0,Natural,1,143
R_RrYmeJDnKB3hv7r,Natural(1),3.0,Natural,1,143
R_2alPe2ZkILnzWYp,Natural(1),4.0,Natural,1,143
R_24zMzQY1U9LX5Gf,Natural(1),3.0,Natural,1,143
R_2zAp7MZjWbJtouD,Natural(1),1.0,Natural,1,143
R_1lgea30X5yRbWgb,Natural(1),2.0,Natural,1,143
R_1dg0dAPlymYfFcu,Natural(1),5.0,Natural,1,143
R_23TSscPxb3G1aSA,Natural(1),5.0,Natural,1,143
R_3effdDALVVpFhkK,Natural(1),5.0,Natural,1,143
R_2PpvbvcItA8LcqM,Natural(1),5.0,Natural,1,143
R_25WvorTEPc7DuHX,Natural(1),5.0,Natural,1,143
R_ZJCIt5D6m80Wim5,Natural(1),1.0,Natural,1,143
R_6gQpeEEoAOw1CNz,Natural(1),4.0,Natural,1,143
R_UcJP3naTdDXJEDn,Natural(1),,Natural,1,143
R_21pKbw8vqrjpJ4Q,Natural(1),5.0,Natural,1,143
R_1HiWKvIl546M44z,Natural(1),4.0,Natural,1,143
R_BFIiDPrnKiKOhkB,Natural(1),5.0,Natural,1,143
R_232AZeZQOdbRSAK,Natural(1),5.0,Natural,1,143
R_1odMwWpdALe3A7c,Natural(1),3.0,Natural,1,143
R_3CMZ1prTdwstnIi,Natural(1),5.0,Natural,1,143
R_2SDkvNUYWKzQ9b4,Natural(1),5.0,Natural,1,143
R_2qwqWlqovi1EnxK,Natural(1),4.0,Natural,1,143
R_1nSW9rReHHlwpSQ,Natural(1),5.0,Natural,1,143
R_3FPt6NNv7fs4bHV,Natural(1),3.0,Natural,1,143
R_2uOs8d5Okoyss7z,Natural(1),4.0,Natural,1,143
R_1JEdl2aEMuUO63f,Natural(1),5.0,Natural,1,143
R_6L3ln2BoQAzJw2d,Natural(1),5.0,Natural,1,143
R_xAA7goWcKMvmb1D,Natural(1),4.0,Natural,1,143
R_248iCMeSwyLS8sF,Natural(1),4.0,Natural,1,143
R_OING4tGkg3q8VLb,Natural(1),3.0,Natural,1,143
R_3kvbwPackXPANmo,Natural(1),4.0,Natural,1,143
R_3lRiG6M8Z6vKWZh,Natural(1),5.0,Natural,1,143
R_3q9cZ9NJjEx872v,Natural(1),2.0,Natural,1,143
R_ABt8n7PxUqkXqy5,Natural(1),3.0,Natural,1,143
R_3k6rPDoCD4kup7x,Natural(1),5.0,Natural,1,143
R_p6iBXJstulO97Jn,Natural(1),5.0,Natural,1,143
R_USFewLQTXHp0kPT,Natural(1),4.0,Natural,1,143
R_vrAH2qrxu41QSv7,Natural(2),5.0,Natural,2,144
R_6Pg4ql6MQumxZo9,Natural(2),5.0,Natural,2,144
R_1QaBlAsk46HI9NJ,Natural(2),5.0,Natural,2,144
R_pKtuHvEeh5mujgl,Natural(2),5.0,Natural,2,144
R_RrYmeJDnKB3hv7r,Natural(2),5.0,Natural,2,144
R_2alPe2ZkILnzWYp,Natural(2),5.0,Natural,2,144
R_24zMzQY1U9LX5Gf,Natural(2),4.0,Natural,2,144
R_2zAp7MZjWbJtouD,Natural(2),5.0,Natural,2,144
R_1lgea30X5yRbWgb,Natural(2),1.0,Natural,2,144
R_1dg0dAPlymYfFcu,Natural(2),5.0,Natural,2,144
R_23TSscPxb3G1aSA,Natural(2),5.0,Natural,2,144
R_3effdDALVVpFhkK,Natural(2),5.0,Natural,2,144
R_2PpvbvcItA8LcqM,Natural(2),5.0,Natural,2,144
R_25WvorTEPc7DuHX,Natural(2),5.0,Natural,2,144
R_ZJCIt5D6m80Wim5,Natural(2),1.0,Natural,2,144
R_6gQpeEEoAOw1CNz,Natural(2),5.0,Natural,2,144
R_UcJP3naTdDXJEDn,Natural(2),5.0,Natural,2,144
R_21pKbw8vqrjpJ4Q,Natural(2),5.0,Natural,2,144
R_1HiWKvIl546M44z,Natural(2),3.0,Natural,2,144
R_BFIiDPrnKiKOhkB,Natural(2),4.0,Natural,2,144
R_232AZeZQOdbRSAK,Natural(2),4.0,Natural,2,144
R_1odMwWpdALe3A7c,Natural(2),5.0,Natural,2,144
R_3CMZ1prTdwstnIi,Natural(2),5.0,Natural,2,144
R_2SDkvNUYWKzQ9b4,Natural(2),4.0,Natural,2,144
R_2qwqWlqovi1EnxK,Natural(2),5.0,Natural,2,144
R_1nSW9rReHHlwpSQ,Natural(2),5.0,Natural,2,144
R_3FPt6NNv7fs4bHV,Natural(2),4.0,Natural,2,144
R_2uOs8d5Okoyss7z,Natural(2),2.0,Natural,2,144
R_1JEdl2aEMuUO63f,Natural(2),5.0,Natural,2,144
R_6L3ln2BoQAzJw2d,Natural(2),5.0,Natural,2,144
R_xAA7goWcKMvmb1D,Natural(2),4.0,Natural,2,144
R_248iCMeSwyLS8sF,Natural(2),3.0,Natural,2,144
R_OING4tGkg3q8VLb,Natural(2),4.0,Natural,2,144
R_3kvbwPackXPANmo,Natural(2),5.0,Natural,2,144
R_3lRiG6M8Z6vKWZh,Natural(2),5.0,Natural,2,144
R_3q9cZ9NJjEx872v,Natural(2),3.0,Natural,2,144
R_ABt8n7PxUqkXqy5,Natural(2),5.0,Natural,2,144
R_3k6rPDoCD4kup7x,Natural(2),5.0,Natural,2,144
R_p6iBXJstulO97Jn,Natural(2),5.0,Natural,2,144
R_USFewLQTXHp0kPT,Natural(2),5.0,Natural,2,144
R_vrAH2qrxu41QSv7,Natural(3),5.0,Natural,3,145
R_6Pg4ql6MQumxZo9,Natural(3),4.0,Natural,3,145
R_1QaBlAsk46HI9NJ,Natural(3),1.0,Natural,3,145
R_pKtuHvEeh5mujgl,Natural(3),5.0,Natural,3,145
R_RrYmeJDnKB3hv7r,Natural(3),5.0,Natural,3,145
R_2alPe2ZkILnzWYp,Natural(3),5.0,Natural,3,145
R_24zMzQY1U9LX5Gf,Natural(3),5.0,Natural,3,145
R_2zAp7MZjWbJtouD,Natural(3),5.0,Natural,3,145
R_1lgea30X5yRbWgb,Natural(3),5.0,Natural,3,145
R_1dg0dAPlymYfFcu,Natural(3),5.0,Natural,3,145
R_23TSscPxb3G1aSA,Natural(3),5.0,Natural,3,145
R_3effdDALVVpFhkK,Natural(3),5.0,Natural,3,145
R_2PpvbvcItA8LcqM,Natural(3),2.0,Natural,3,145
R_25WvorTEPc7DuHX,Natural(3),5.0,Natural,3,145
R_ZJCIt5D6m80Wim5,Natural(3),3.0,Natural,3,145
R_6gQpeEEoAOw1CNz,Natural(3),5.0,Natural,3,145
R_UcJP3naTdDXJEDn,Natural(3),5.0,Natural,3,145
R_21pKbw8vqrjpJ4Q,Natural(3),5.0,Natural,3,145
R_1HiWKvIl546M44z,Natural(3),3.0,Natural,3,145
R_BFIiDPrnKiKOhkB,Natural(3),3.0,Natural,3,145
R_232AZeZQOdbRSAK,Natural(3),5.0,Natural,3,145
R_1odMwWpdALe3A7c,Natural(3),5.0,Natural,3,145
R_3CMZ1prTdwstnIi,Natural(3),5.0,Natural,3,145
R_2SDkvNUYWKzQ9b4,Natural(3),4.0,Natural,3,145
R_2qwqWlqovi1EnxK,Natural(3),5.0,Natural,3,145
R_1nSW9rReHHlwpSQ,Natural(3),5.0,Natural,3,145
R_3FPt6NNv7fs4bHV,Natural(3),5.0,Natural,3,145
R_2uOs8d5Okoyss7z,Natural(3),3.0,Natural,3,145
R_1JEdl2aEMuUO63f,Natural(3),5.0,Natural,3,145
R_6L3ln2BoQAzJw2d,Natural(3),5.0,Natural,3,145
R_xAA7goWcKMvmb1D,Natural(3),3.0,Natural,3,145
R_248iCMeSwyLS8sF,Natural(3),4.0,Natural,3,145
R_OING4tGkg3q8VLb,Natural(3),4.0,Natural,3,145
R_3kvbwPackXPANmo,Natural(3),3.0,Natural,3,145
R_3lRiG6M8Z6vKWZh,Natural(3),5.0,Natural,3,145
R_3q9cZ9NJjEx872v,Natural(3),2.0,Natural,3,145
R_ABt8n7PxUqkXqy5,Natural(3),3.0,Natural,3,145
R_3k6rPDoCD4kup7x,Natural(3),5.0,Natural,3,145
R_p6iBXJstulO97Jn,Natural(3),5.0,Natural,3,145
R_USFewLQTXHp0kPT,Natural(3),4.0,Natural,3,145
R_vrAH2qrxu41QSv7,Natural(4),5.0,Natural,4,146
R_6Pg4ql6MQumxZo9,Natural(4),5.0,Natural,4,146
R_1QaBlAsk46HI9NJ,Natural(4),5.0,Natural,4,146
R_pKtuHvEeh5mujgl,Natural(4),5.0,Natural,4,146
R_RrYmeJDnKB3hv7r,Natural(4),5.0,Natural,4,146
R_2alPe2ZkILnzWYp,Natural(4),5.0,Natural,4,146
R_24zMzQY1U9LX5Gf,Natural(4),5.0,Natural,4,146
R_2zAp7MZjWbJtouD,Natural(4),5.0,Natural,4,146
R_1lgea30X5yRbWgb,Natural(4),5.0,Natural,4,146
R_1dg0dAPlymYfFcu,Natural(4),5.0,Natural,4,146
R_23TSscPxb3G1aSA,Natural(4),5.0,Natural,4,146
R_3effdDALVVpFhkK,Natural(4),4.0,Natural,4,146
R_2PpvbvcItA8LcqM,Natural(4),2.0,Natural,4,146
R_25WvorTEPc7DuHX,Natural(4),5.0,Natural,4,146
R_ZJCIt5D6m80Wim5,Natural(4),4.0,Natural,4,146
R_6gQpeEEoAOw1CNz,Natural(4),5.0,Natural,4,146
R_UcJP3naTdDXJEDn,Natural(4),5.0,Natural,4,146
R_21pKbw8vqrjpJ4Q,Natural(4),5.0,Natural,4,146
R_1HiWKvIl546M44z,Natural(4),4.0,Natural,4,146
R_BFIiDPrnKiKOhkB,Natural(4),5.0,Natural,4,146
R_232AZeZQOdbRSAK,Natural(4),5.0,Natural,4,146
R_1odMwWpdALe3A7c,Natural(4),5.0,Natural,4,146
R_3CMZ1prTdwstnIi,Natural(4),5.0,Natural,4,146
R_2SDkvNUYWKzQ9b4,Natural(4),5.0,Natural,4,146
R_2qwqWlqovi1EnxK,Natural(4),5.0,Natural,4,146
R_1nSW9rReHHlwpSQ,Natural(4),5.0,Natural,4,146
R_3FPt6NNv7fs4bHV,Natural(4),5.0,Natural,4,146
R_2uOs8d5Okoyss7z,Natural(4),5.0,Natural,4,146
R_1JEdl2aEMuUO63f,Natural(4),5.0,Natural,4,146
R_6L3ln2BoQAzJw2d,Natural(4),5.0,Natural,4,146
R_xAA7goWcKMvmb1D,Natural(4),5.0,Natural,4,146
R_248iCMeSwyLS8sF,Natural(4),4.0,Natural,4,146
R_OING4tGkg3q8VLb,Natural(4),4.0,Natural,4,146
R_3kvbwPackXPANmo,Natural(4),4.0,Natural,4,146
R_3lRiG6M8Z6vKWZh,Natural(4),5.0,Natural,4,146
R_3q9cZ9NJjEx872v,Natural(4),5.0,Natural,4,146
R_ABt8n7PxUqkXqy5,Natural(4),5.0,Natural,4,146
R_3k6rPDoCD4kup7x,Natural(4),5.0,Natural,4,146
R_p6iBXJstulO97Jn,Natural(4),5.0,Natural,4,146
R_USFewLQTXHp0kPT,Natural(4),5.0,Natural,4,146
R_vrAH2qrxu41QSv7,Natural(5),5.0,Natural,5,147
R_6Pg4ql6MQumxZo9,Natural(5),5.0,Natural,5,147
R_1QaBlAsk46HI9NJ,Natural(5),5.0,Natural,5,147
R_pKtuHvEeh5mujgl,Natural(5),5.0,Natural,5,147
R_RrYmeJDnKB3hv7r,Natural(5),5.0,Natural,5,147
R_2alPe2ZkILnzWYp,Natural(5),5.0,Natural,5,147
R_24zMzQY1U9LX5Gf,Natural(5),5.0,Natural,5,147
R_2zAp7MZjWbJtouD,Natural(5),5.0,Natural,5,147
R_1lgea30X5yRbWgb,Natural(5),5.0,Natural,5,147
R_1dg0dAPlymYfFcu,Natural(5),5.0,Natural,5,147
R_23TSscPxb3G1aSA,Natural(5),5.0,Natural,5,147
R_3effdDALVVpFhkK,Natural(5),5.0,Natural,5,147
R_2PpvbvcItA8LcqM,Natural(5),5.0,Natural,5,147
R_25WvorTEPc7DuHX,Natural(5),5.0,Natural,5,147
R_ZJCIt5D6m80Wim5,Natural(5),3.0,Natural,5,147
R_6gQpeEEoAOw1CNz,Natural(5),5.0,Natural,5,147
R_UcJP3naTdDXJEDn,Natural(5),5.0,Natural,5,147
R_21pKbw8vqrjpJ4Q,Natural(5),5.0,Natural,5,147
R_1HiWKvIl546M44z,Natural(5),4.0,Natural,5,147
R_BFIiDPrnKiKOhkB,Natural(5),5.0,Natural,5,147
R_232AZeZQOdbRSAK,Natural(5),4.0,Natural,5,147
R_1odMwWpdALe3A7c,Natural(5),5.0,Natural,5,147
R_3CMZ1prTdwstnIi,Natural(5),4.0,Natural,5,147
R_2SDkvNUYWKzQ9b4,Natural(5),5.0,Natural,5,147
R_2qwqWlqovi1EnxK,Natural(5),4.0,Natural,5,147
R_1nSW9rReHHlwpSQ,Natural(5),5.0,Natural,5,147
R_3FPt6NNv7fs4bHV,Natural(5),4.0,Natural,5,147
R_2uOs8d5Okoyss7z,Natural(5),4.0,Natural,5,147
R_1JEdl2aEMuUO63f,Natural(5),5.0,Natural,5,147
R_6L3ln2BoQAzJw2d,Natural(5),5.0,Natural,5,147
R_xAA7goWcKMvmb1D,Natural(5),2.0,Natural,5,147
R_248iCMeSwyLS8sF,Natural(5),4.0,Natural,5,147
R_OING4tGkg3q8VLb,Natural(5),3.0,Natural,5,147
R_3kvbwPackXPANmo,Natural(5),5.0,Natural,5,147
R_3lRiG6M8Z6vKWZh,Natural(5),5.0,Natural,5,147
R_3q9cZ9NJjEx872v,Natural(5),5.0,Natural,5,147
R_ABt8n7PxUqkXqy5,Natural(5),5.0,Natural,5,147
R_3k6rPDoCD4kup7x,Natural(5),5.0,Natural,5,147
R_p6iBXJstulO97Jn,Natural(5),5.0,Natural,5,147
R_USFewLQTXHp0kPT,Natural(5),4.0,Natural,5,147
R_vrAH2qrxu41QSv7,Natural(6),5.0,Natural,6,148
R_6Pg4ql6MQumxZo9,Natural(6),5.0,Natural,6,148
R_1QaBlAsk46HI9NJ,Natural(6),5.0,Natural,6,148
R_pKtuHvEeh5mujgl,Natural(6),4.0,Natural,6,148
R_RrYmeJDnKB3hv7r,Natural(6),5.0,Natural,6,148
R_2alPe2ZkILnzWYp,Natural(6),5.0,Natural,6,148
R_24zMzQY1U9LX5Gf,Natural(6),5.0,Natural,6,148
R_2zAp7MZjWbJtouD,Natural(6),5.0,Natural,6,148
R_1lgea30X5yRbWgb,Natural(6),5.0,Natural,6,148
R_1dg0dAPlymYfFcu,Natural(6),5.0,Natural,6,148
R_23TSscPxb3G1aSA,Natural(6),3.0,Natural,6,148
R_3effdDALVVpFhkK,Natural(6),4.0,Natural,6,148
R_2PpvbvcItA8LcqM,Natural(6),2.0,Natural,6,148
R_25WvorTEPc7DuHX,Natural(6),5.0,Natural,6,148
R_ZJCIt5D6m80Wim5,Natural(6),5.0,Natural,6,148
R_6gQpeEEoAOw1CNz,Natural(6),5.0,Natural,6,148
R_UcJP3naTdDXJEDn,Natural(6),,Natural,6,148
R_21pKbw8vqrjpJ4Q,Natural(6),5.0,Natural,6,148
R_1HiWKvIl546M44z,Natural(6),4.0,Natural,6,148
R_BFIiDPrnKiKOhkB,Natural(6),5.0,Natural,6,148
R_232AZeZQOdbRSAK,Natural(6),5.0,Natural,6,148
R_1odMwWpdALe3A7c,Natural(6),4.0,Natural,6,148
R_3CMZ1prTdwstnIi,Natural(6),5.0,Natural,6,148
R_2SDkvNUYWKzQ9b4,Natural(6),2.0,Natural,6,148
R_2qwqWlqovi1EnxK,Natural(6),4.0,Natural,6,148
R_1nSW9rReHHlwpSQ,Natural(6),5.0,Natural,6,148
R_3FPt6NNv7fs4bHV,Natural(6),5.0,Natural,6,148
R_2uOs8d5Okoyss7z,Natural(6),3.0,Natural,6,148
R_1JEdl2aEMuUO63f,Natural(6),5.0,Natural,6,148
R_6L3ln2BoQAzJw2d,Natural(6),5.0,Natural,6,148
R_xAA7goWcKMvmb1D,Natural(6),4.0,Natural,6,148
R_248iCMeSwyLS8sF,Natural(6),4.0,Natural,6,148
R_OING4tGkg3q8VLb,Natural(6),3.0,Natural,6,148
R_3kvbwPackXPANmo,Natural(6),5.0,Natural,6,148
R_3lRiG6M8Z6vKWZh,Natural(6),5.0,Natural,6,148
R_3q9cZ9NJjEx872v,Natural(6),5.0,Natural,6,148
R_ABt8n7PxUqkXqy5,Natural(6),5.0,Natural,6,148
R_3k6rPDoCD4kup7x,Natural(6),5.0,Natural,6,148
R_p6iBXJstulO97Jn,Natural(6),5.0,Natural,6,148
R_USFewLQTXHp0kPT,Natural(6),5.0,Natural,6,148
R_vrAH2qrxu41QSv7,Natural(7),5.0,Natural,7,149
R_6Pg4ql6MQumxZo9,Natural(7),4.0,Natural,7,149
R_1QaBlAsk46HI9NJ,Natural(7),3.0,Natural,7,149
R_pKtuHvEeh5mujgl,Natural(7),5.0,Natural,7,149
R_RrYmeJDnKB3hv7r,Natural(7),5.0,Natural,7,149
R_2alPe2ZkILnzWYp,Natural(7),5.0,Natural,7,149
R_24zMzQY1U9LX5Gf,Natural(7),5.0,Natural,7,149
R_2zAp7MZjWbJtouD,Natural(7),3.0,Natural,7,149
R_1lgea30X5yRbWgb,Natural(7),2.0,Natural,7,149
R_1dg0dAPlymYfFcu,Natural(7),2.0,Natural,7,149
R_23TSscPxb3G1aSA,Natural(7),5.0,Natural,7,149
R_3effdDALVVpFhkK,Natural(7),5.0,Natural,7,149
R_2PpvbvcItA8LcqM,Natural(7),5.0,Natural,7,149
R_25WvorTEPc7DuHX,Natural(7),5.0,Natural,7,149
R_ZJCIt5D6m80Wim5,Natural(7),1.0,Natural,7,149
R_6gQpeEEoAOw1CNz,Natural(7),5.0,Natural,7,149
R_UcJP3naTdDXJEDn,Natural(7),3.0,Natural,7,149
R_21pKbw8vqrjpJ4Q,Natural(7),5.0,Natural,7,149
R_1HiWKvIl546M44z,Natural(7),2.0,Natural,7,149
R_BFIiDPrnKiKOhkB,Natural(7),1.0,Natural,7,149
R_232AZeZQOdbRSAK,Natural(7),3.0,Natural,7,149
R_1odMwWpdALe3A7c,Natural(7),1.0,Natural,7,149
R_3CMZ1prTdwstnIi,Natural(7),5.0,Natural,7,149
R_2SDkvNUYWKzQ9b4,Natural(7),4.0,Natural,7,149
R_2qwqWlqovi1EnxK,Natural(7),5.0,Natural,7,149
R_1nSW9rReHHlwpSQ,Natural(7),3.0,Natural,7,149
R_3FPt6NNv7fs4bHV,Natural(7),4.0,Natural,7,149
R_2uOs8d5Okoyss7z,Natural(7),3.0,Natural,7,149
R_1JEdl2aEMuUO63f,Natural(7),5.0,Natural,7,149
R_6L3ln2BoQAzJw2d,Natural(7),5.0,Natural,7,149
R_xAA7goWcKMvmb1D,Natural(7),3.0,Natural,7,149
R_248iCMeSwyLS8sF,Natural(7),4.0,Natural,7,149
R_OING4tGkg3q8VLb,Natural(7),2.0,Natural,7,149
R_3kvbwPackXPANmo,Natural(7),5.0,Natural,7,149
R_3lRiG6M8Z6vKWZh,Natural(7),4.0,Natural,7,149
R_3q9cZ9NJjEx872v,Natural(7),1.0,Natural,7,149
R_ABt8n7PxUqkXqy5,Natural(7),4.0,Natural,7,149
R_3k6rPDoCD4kup7x,Natural(7),5.0,Natural,7,149
R_p6iBXJstulO97Jn,Natural(7),5.0,Natural,7,149
R_USFewLQTXHp0kPT,Natural(7),4.0,Natural,7,149
R_vrAH2qrxu41QSv7,Natural(8),5.0,Natural,8,150
R_6Pg4ql6MQumxZo9,Natural(8),5.0,Natural,8,150
R_1QaBlAsk46HI9NJ,Natural(8),5.0,Natural,8,150
R_pKtuHvEeh5mujgl,Natural(8),5.0,Natural,8,150
R_RrYmeJDnKB3hv7r,Natural(8),5.0,Natural,8,150
R_2alPe2ZkILnzWYp,Natural(8),5.0,Natural,8,150
R_24zMzQY1U9LX5Gf,Natural(8),5.0,Natural,8,150
R_2zAp7MZjWbJtouD,Natural(8),5.0,Natural,8,150
R_1lgea30X5yRbWgb,Natural(8),5.0,Natural,8,150
R_1dg0dAPlymYfFcu,Natural(8),5.0,Natural,8,150
R_23TSscPxb3G1aSA,Natural(8),5.0,Natural,8,150
R_3effdDALVVpFhkK,Natural(8),5.0,Natural,8,150
R_2PpvbvcItA8LcqM,Natural(8),5.0,Natural,8,150
R_25WvorTEPc7DuHX,Natural(8),5.0,Natural,8,150
R_ZJCIt5D6m80Wim5,Natural(8),5.0,Natural,8,150
R_6gQpeEEoAOw1CNz,Natural(8),5.0,Natural,8,150
R_UcJP3naTdDXJEDn,Natural(8),5.0,Natural,8,150
R_21pKbw8vqrjpJ4Q,Natural(8),5.0,Natural,8,150
R_1HiWKvIl546M44z,Natural(8),3.0,Natural,8,150
R_BFIiDPrnKiKOhkB,Natural(8),5.0,Natural,8,150
R_232AZeZQOdbRSAK,Natural(8),5.0,Natural,8,150
R_1odMwWpdALe3A7c,Natural(8),5.0,Natural,8,150
R_3CMZ1prTdwstnIi,Natural(8),5.0,Natural,8,150
R_2SDkvNUYWKzQ9b4,Natural(8),5.0,Natural,8,150
R_2qwqWlqovi1EnxK,Natural(8),2.0,Natural,8,150
R_1nSW9rReHHlwpSQ,Natural(8),5.0,Natural,8,150
R_3FPt6NNv7fs4bHV,Natural(8),4.0,Natural,8,150
R_2uOs8d5Okoyss7z,Natural(8),4.0,Natural,8,150
R_1JEdl2aEMuUO63f,Natural(8),5.0,Natural,8,150
R_6L3ln2BoQAzJw2d,Natural(8),5.0,Natural,8,150
R_xAA7goWcKMvmb1D,Natural(8),3.0,Natural,8,150
R_248iCMeSwyLS8sF,Natural(8),4.0,Natural,8,150
R_OING4tGkg3q8VLb,Natural(8),5.0,Natural,8,150
R_3kvbwPackXPANmo,Natural(8),5.0,Natural,8,150
R_3lRiG6M8Z6vKWZh,Natural(8),5.0,Natural,8,150
R_3q9cZ9NJjEx872v,Natural(8),3.0,Natural,8,150
R_ABt8n7PxUqkXqy5,Natural(8),5.0,Natural,8,150
R_3k6rPDoCD4kup7x,Natural(8),5.0,Natural,8,150
R_p6iBXJstulO97Jn,Natural(8),5.0,Natural,8,150
R_USFewLQTXHp0kPT,Natural(8),5.0,Natural,8,150
R_vrAH2qrxu41QSv7,Natural(9),5.0,Natural,9,151
R_6Pg4ql6MQumxZo9,Natural(9),5.0,Natural,9,151
R_1QaBlAsk46HI9NJ,Natural(9),5.0,Natural,9,151
R_pKtuHvEeh5mujgl,Natural(9),5.0,Natural,9,151
R_RrYmeJDnKB3hv7r,Natural(9),4.0,Natural,9,151
R_2alPe2ZkILnzWYp,Natural(9),1.0,Natural,9,151
R_24zMzQY1U9LX5Gf,Natural(9),5.0,Natural,9,151
R_2zAp7MZjWbJtouD,Natural(9),1.0,Natural,9,151
R_1lgea30X5yRbWgb,Natural(9),4.0,Natural,9,151
R_1dg0dAPlymYfFcu,Natural(9),5.0,Natural,9,151
R_23TSscPxb3G1aSA,Natural(9),5.0,Natural,9,151
R_3effdDALVVpFhkK,Natural(9),4.0,Natural,9,151
R_2PpvbvcItA8LcqM,Natural(9),5.0,Natural,9,151
R_25WvorTEPc7DuHX,Natural(9),5.0,Natural,9,151
R_ZJCIt5D6m80Wim5,Natural(9),1.0,Natural,9,151
R_6gQpeEEoAOw1CNz,Natural(9),5.0,Natural,9,151
R_UcJP3naTdDXJEDn,Natural(9),4.0,Natural,9,151
R_21pKbw8vqrjpJ4Q,Natural(9),5.0,Natural,9,151
R_1HiWKvIl546M44z,Natural(9),3.0,Natural,9,151
R_BFIiDPrnKiKOhkB,Natural(9),5.0,Natural,9,151
R_232AZeZQOdbRSAK,Natural(9),4.0,Natural,9,151
R_1odMwWpdALe3A7c,Natural(9),4.0,Natural,9,151
R_3CMZ1prTdwstnIi,Natural(9),5.0,Natural,9,151
R_2SDkvNUYWKzQ9b4,Natural(9),4.0,Natural,9,151
R_2qwqWlqovi1EnxK,Natural(9),4.0,Natural,9,151
R_1nSW9rReHHlwpSQ,Natural(9),5.0,Natural,9,151
R_3FPt6NNv7fs4bHV,Natural(9),4.0,Natural,9,151
R_2uOs8d5Okoyss7z,Natural(9),2.0,Natural,9,151
R_1JEdl2aEMuUO63f,Natural(9),5.0,Natural,9,151
R_6L3ln2BoQAzJw2d,Natural(9),5.0,Natural,9,151
R_xAA7goWcKMvmb1D,Natural(9),4.0,Natural,9,151
R_248iCMeSwyLS8sF,Natural(9),5.0,Natural,9,151
R_OING4tGkg3q8VLb,Natural(9),4.0,Natural,9,151
R_3kvbwPackXPANmo,Natural(9),2.0,Natural,9,151
R_3lRiG6M8Z6vKWZh,Natural(9),5.0,Natural,9,151
R_3q9cZ9NJjEx872v,Natural(9),5.0,Natural,9,151
R_ABt8n7PxUqkXqy5,Natural(9),4.0,Natural,9,151
R_3k6rPDoCD4kup7x,Natural(9),5.0,Natural,9,151
R_p6iBXJstulO97Jn,Natural(9),3.0,Natural,9,151
R_USFewLQTXHp0kPT,Natural(9),4.0,Natural,9,151
R_vrAH2qrxu41QSv7,Natural(10),5.0,Natural,10,152
R_6Pg4ql6MQumxZo9,Natural(10),5.0,Natural,10,152
R_1QaBlAsk46HI9NJ,Natural(10),5.0,Natural,10,152
R_pKtuHvEeh5mujgl,Natural(10),5.0,Natural,10,152
R_RrYmeJDnKB3hv7r,Natural(10),5.0,Natural,10,152
R_2alPe2ZkILnzWYp,Natural(10),5.0,Natural,10,152
R_24zMzQY1U9LX5Gf,Natural(10),5.0,Natural,10,152
R_2zAp7MZjWbJtouD,Natural(10),4.0,Natural,10,152
R_1lgea30X5yRbWgb,Natural(10),5.0,Natural,10,152
R_1dg0dAPlymYfFcu,Natural(10),4.0,Natural,10,152
R_23TSscPxb3G1aSA,Natural(10),5.0,Natural,10,152
R_3effdDALVVpFhkK,Natural(10),5.0,Natural,10,152
R_2PpvbvcItA8LcqM,Natural(10),5.0,Natural,10,152
R_25WvorTEPc7DuHX,Natural(10),5.0,Natural,10,152
R_ZJCIt5D6m80Wim5,Natural(10),5.0,Natural,10,152
R_6gQpeEEoAOw1CNz,Natural(10),5.0,Natural,10,152
R_UcJP3naTdDXJEDn,Natural(10),5.0,Natural,10,152
R_21pKbw8vqrjpJ4Q,Natural(10),4.0,Natural,10,152
R_1HiWKvIl546M44z,Natural(10),3.0,Natural,10,152
R_BFIiDPrnKiKOhkB,Natural(10),5.0,Natural,10,152
R_232AZeZQOdbRSAK,Natural(10),4.0,Natural,10,152
R_1odMwWpdALe3A7c,Natural(10),4.0,Natural,10,152
R_3CMZ1prTdwstnIi,Natural(10),5.0,Natural,10,152
R_2SDkvNUYWKzQ9b4,Natural(10),1.0,Natural,10,152
R_2qwqWlqovi1EnxK,Natural(10),5.0,Natural,10,152
R_1nSW9rReHHlwpSQ,Natural(10),5.0,Natural,10,152
R_3FPt6NNv7fs4bHV,Natural(10),5.0,Natural,10,152
R_2uOs8d5Okoyss7z,Natural(10),5.0,Natural,10,152
R_1JEdl2aEMuUO63f,Natural(10),5.0,Natural,10,152
R_6L3ln2BoQAzJw2d,Natural(10),5.0,Natural,10,152
R_xAA7goWcKMvmb1D,Natural(10),1.0,Natural,10,152
R_248iCMeSwyLS8sF,Natural(10),4.0,Natural,10,152
R_OING4tGkg3q8VLb,Natural(10),3.0,Natural,10,152
R_3kvbwPackXPANmo,Natural(10),5.0,Natural,10,152
R_3lRiG6M8Z6vKWZh,Natural(10),5.0,Natural,10,152
R_3q9cZ9NJjEx872v,Natural(10),1.0,Natural,10,152
R_ABt8n7PxUqkXqy5,Natural(10),5.0,Natural,10,152
R_3k6rPDoCD4kup7x,Natural(10),5.0,Natural,10,152
R_p6iBXJstulO97Jn,Natural(10),5.0,Natural,10,152
R_USFewLQTXHp0kPT,Natural(10),5.0,Natural,10,152
R_vrAH2qrxu41QSv7,Natural(11),5.0,Natural,11,153
R_6Pg4ql6MQumxZo9,Natural(11),2.0,Natural,11,153
R_1QaBlAsk46HI9NJ,Natural(11),5.0,Natural,11,153
R_pKtuHvEeh5mujgl,Natural(11),5.0,Natural,11,153
R_RrYmeJDnKB3hv7r,Natural(11),5.0,Natural,11,153
R_2alPe2ZkILnzWYp,Natural(11),4.0,Natural,11,153
R_24zMzQY1U9LX5Gf,Natural(11),5.0,Natural,11,153
R_2zAp7MZjWbJtouD,Natural(11),2.0,Natural,11,153
R_1lgea30X5yRbWgb,Natural(11),5.0,Natural,11,153
R_1dg0dAPlymYfFcu,Natural(11),4.0,Natural,11,153
R_23TSscPxb3G1aSA,Natural(11),5.0,Natural,11,153
R_3effdDALVVpFhkK,Natural(11),4.0,Natural,11,153
R_2PpvbvcItA8LcqM,Natural(11),5.0,Natural,11,153
R_25WvorTEPc7DuHX,Natural(11),5.0,Natural,11,153
R_ZJCIt5D6m80Wim5,Natural(11),1.0,Natural,11,153
R_6gQpeEEoAOw1CNz,Natural(11),5.0,Natural,11,153
R_UcJP3naTdDXJEDn,Natural(11),3.0,Natural,11,153
R_21pKbw8vqrjpJ4Q,Natural(11),4.0,Natural,11,153
R_1HiWKvIl546M44z,Natural(11),2.0,Natural,11,153
R_BFIiDPrnKiKOhkB,Natural(11),2.0,Natural,11,153
R_232AZeZQOdbRSAK,Natural(11),3.0,Natural,11,153
R_1odMwWpdALe3A7c,Natural(11),3.0,Natural,11,153
R_3CMZ1prTdwstnIi,Natural(11),3.0,Natural,11,153
R_2SDkvNUYWKzQ9b4,Natural(11),3.0,Natural,11,153
R_2qwqWlqovi1EnxK,Natural(11),4.0,Natural,11,153
R_1nSW9rReHHlwpSQ,Natural(11),3.0,Natural,11,153
R_3FPt6NNv7fs4bHV,Natural(11),4.0,Natural,11,153
R_2uOs8d5Okoyss7z,Natural(11),3.0,Natural,11,153
R_1JEdl2aEMuUO63f,Natural(11),5.0,Natural,11,153
R_6L3ln2BoQAzJw2d,Natural(11),5.0,Natural,11,153
R_xAA7goWcKMvmb1D,Natural(11),2.0,Natural,11,153
R_248iCMeSwyLS8sF,Natural(11),2.0,Natural,11,153
R_OING4tGkg3q8VLb,Natural(11),4.0,Natural,11,153
R_3kvbwPackXPANmo,Natural(11),3.0,Natural,11,153
R_3lRiG6M8Z6vKWZh,Natural(11),2.0,Natural,11,153
R_3q9cZ9NJjEx872v,Natural(11),1.0,Natural,11,153
R_ABt8n7PxUqkXqy5,Natural(11),4.0,Natural,11,153
R_3k6rPDoCD4kup7x,Natural(11),5.0,Natural,11,153
R_p6iBXJstulO97Jn,Natural(11),5.0,Natural,11,153
R_USFewLQTXHp0kPT,Natural(11),2.0,Natural,11,153
R_vrAH2qrxu41QSv7,Natural(12),5.0,Natural,12,154
R_6Pg4ql6MQumxZo9,Natural(12),4.0,Natural,12,154
R_1QaBlAsk46HI9NJ,Natural(12),5.0,Natural,12,154
R_pKtuHvEeh5mujgl,Natural(12),5.0,Natural,12,154
R_RrYmeJDnKB3hv7r,Natural(12),5.0,Natural,12,154
R_2alPe2ZkILnzWYp,Natural(12),5.0,Natural,12,154
R_24zMzQY1U9LX5Gf,Natural(12),5.0,Natural,12,154
R_2zAp7MZjWbJtouD,Natural(12),4.0,Natural,12,154
R_1lgea30X5yRbWgb,Natural(12),5.0,Natural,12,154
R_1dg0dAPlymYfFcu,Natural(12),5.0,Natural,12,154
R_23TSscPxb3G1aSA,Natural(12),5.0,Natural,12,154
R_3effdDALVVpFhkK,Natural(12),4.0,Natural,12,154
R_2PpvbvcItA8LcqM,Natural(12),5.0,Natural,12,154
R_25WvorTEPc7DuHX,Natural(12),5.0,Natural,12,154
R_ZJCIt5D6m80Wim5,Natural(12),3.0,Natural,12,154
R_6gQpeEEoAOw1CNz,Natural(12),4.0,Natural,12,154
R_UcJP3naTdDXJEDn,Natural(12),4.0,Natural,12,154
R_21pKbw8vqrjpJ4Q,Natural(12),5.0,Natural,12,154
R_1HiWKvIl546M44z,Natural(12),4.0,Natural,12,154
R_BFIiDPrnKiKOhkB,Natural(12),5.0,Natural,12,154
R_232AZeZQOdbRSAK,Natural(12),5.0,Natural,12,154
R_1odMwWpdALe3A7c,Natural(12),5.0,Natural,12,154
R_3CMZ1prTdwstnIi,Natural(12),5.0,Natural,12,154
R_2SDkvNUYWKzQ9b4,Natural(12),3.0,Natural,12,154
R_2qwqWlqovi1EnxK,Natural(12),5.0,Natural,12,154
R_1nSW9rReHHlwpSQ,Natural(12),3.0,Natural,12,154
R_3FPt6NNv7fs4bHV,Natural(12),5.0,Natural,12,154
R_2uOs8d5Okoyss7z,Natural(12),4.0,Natural,12,154
R_1JEdl2aEMuUO63f,Natural(12),5.0,Natural,12,154
R_6L3ln2BoQAzJw2d,Natural(12),5.0,Natural,12,154
R_xAA7goWcKMvmb1D,Natural(12),4.0,Natural,12,154
R_248iCMeSwyLS8sF,Natural(12),3.0,Natural,12,154
R_OING4tGkg3q8VLb,Natural(12),3.0,Natural,12,154
R_3kvbwPackXPANmo,Natural(12),5.0,Natural,12,154
R_3lRiG6M8Z6vKWZh,Natural(12),5.0,Natural,12,154
R_3q9cZ9NJjEx872v,Natural(12),5.0,Natural,12,154
R_ABt8n7PxUqkXqy5,Natural(12),4.0,Natural,12,154
R_3k6rPDoCD4kup7x,Natural(12),5.0,Natural,12,154
R_p6iBXJstulO97Jn,Natural(12),4.0,Natural,12,154
R_USFewLQTXHp0kPT,Natural(12),4.0,Natural,12,154
R_vrAH2qrxu41QSv7,Natural(13),5.0,Natural,13,155
R_6Pg4ql6MQumxZo9,Natural(13),5.0,Natural,13,155
R_1QaBlAsk46HI9NJ,Natural(13),4.0,Natural,13,155
R_pKtuHvEeh5mujgl,Natural(13),5.0,Natural,13,155
R_RrYmeJDnKB3hv7r,Natural(13),5.0,Natural,13,155
R_2alPe2ZkILnzWYp,Natural(13),5.0,Natural,13,155
R_24zMzQY1U9LX5Gf,Natural(13),5.0,Natural,13,155
R_2zAp7MZjWbJtouD,Natural(13),5.0,Natural,13,155
R_1lgea30X5yRbWgb,Natural(13),4.0,Natural,13,155
R_1dg0dAPlymYfFcu,Natural(13),5.0,Natural,13,155
R_23TSscPxb3G1aSA,Natural(13),5.0,Natural,13,155
R_3effdDALVVpFhkK,Natural(13),4.0,Natural,13,155
R_2PpvbvcItA8LcqM,Natural(13),5.0,Natural,13,155
R_25WvorTEPc7DuHX,Natural(13),5.0,Natural,13,155
R_ZJCIt5D6m80Wim5,Natural(13),4.0,Natural,13,155
R_6gQpeEEoAOw1CNz,Natural(13),5.0,Natural,13,155
R_UcJP3naTdDXJEDn,Natural(13),5.0,Natural,13,155
R_21pKbw8vqrjpJ4Q,Natural(13),5.0,Natural,13,155
R_1HiWKvIl546M44z,Natural(13),2.0,Natural,13,155
R_BFIiDPrnKiKOhkB,Natural(13),5.0,Natural,13,155
R_232AZeZQOdbRSAK,Natural(13),5.0,Natural,13,155
R_1odMwWpdALe3A7c,Natural(13),4.0,Natural,13,155
R_3CMZ1prTdwstnIi,Natural(13),5.0,Natural,13,155
R_2SDkvNUYWKzQ9b4,Natural(13),5.0,Natural,13,155
R_2qwqWlqovi1EnxK,Natural(13),5.0,Natural,13,155
R_1nSW9rReHHlwpSQ,Natural(13),5.0,Natural,13,155
R_3FPt6NNv7fs4bHV,Natural(13),4.0,Natural,13,155
R_2uOs8d5Okoyss7z,Natural(13),4.0,Natural,13,155
R_1JEdl2aEMuUO63f,Natural(13),5.0,Natural,13,155
R_6L3ln2BoQAzJw2d,Natural(13),5.0,Natural,13,155
R_xAA7goWcKMvmb1D,Natural(13),3.0,Natural,13,155
R_248iCMeSwyLS8sF,Natural(13),3.0,Natural,13,155
R_OING4tGkg3q8VLb,Natural(13),3.0,Natural,13,155
R_3kvbwPackXPANmo,Natural(13),4.0,Natural,13,155
R_3lRiG6M8Z6vKWZh,Natural(13),5.0,Natural,13,155
R_3q9cZ9NJjEx872v,Natural(13),4.0,Natural,13,155
R_ABt8n7PxUqkXqy5,Natural(13),5.0,Natural,13,155
R_3k6rPDoCD4kup7x,Natural(13),5.0,Natural,13,155
R_p6iBXJstulO97Jn,Natural(13),5.0,Natural,13,155
R_USFewLQTXHp0kPT,Natural(13),5.0,Natural,13,155
R_vrAH2qrxu41QSv7,Natural(14),5.0,Natural,14,156
R_6Pg4ql6MQumxZo9,Natural(14),2.0,Natural,14,156
R_1QaBlAsk46HI9NJ,Natural(14),5.0,Natural,14,156
R_pKtuHvEeh5mujgl,Natural(14),5.0,Natural,14,156
R_RrYmeJDnKB3hv7r,Natural(14),5.0,Natural,14,156
R_2alPe2ZkILnzWYp,Natural(14),5.0,Natural,14,156
R_24zMzQY1U9LX5Gf,Natural(14),5.0,Natural,14,156
R_2zAp7MZjWbJtouD,Natural(14),5.0,Natural,14,156
R_1lgea30X5yRbWgb,Natural(14),3.0,Natural,14,156
R_1dg0dAPlymYfFcu,Natural(14),5.0,Natural,14,156
R_23TSscPxb3G1aSA,Natural(14),4.0,Natural,14,156
R_3effdDALVVpFhkK,Natural(14),5.0,Natural,14,156
R_2PpvbvcItA8LcqM,Natural(14),2.0,Natural,14,156
R_25WvorTEPc7DuHX,Natural(14),5.0,Natural,14,156
R_ZJCIt5D6m80Wim5,Natural(14),3.0,Natural,14,156
R_6gQpeEEoAOw1CNz,Natural(14),5.0,Natural,14,156
R_UcJP3naTdDXJEDn,Natural(14),4.0,Natural,14,156
R_21pKbw8vqrjpJ4Q,Natural(14),4.0,Natural,14,156
R_1HiWKvIl546M44z,Natural(14),4.0,Natural,14,156
R_BFIiDPrnKiKOhkB,Natural(14),5.0,Natural,14,156
R_232AZeZQOdbRSAK,Natural(14),5.0,Natural,14,156
R_1odMwWpdALe3A7c,Natural(14),2.0,Natural,14,156
R_3CMZ1prTdwstnIi,Natural(14),3.0,Natural,14,156
R_2SDkvNUYWKzQ9b4,Natural(14),1.0,Natural,14,156
R_2qwqWlqovi1EnxK,Natural(14),4.0,Natural,14,156
R_1nSW9rReHHlwpSQ,Natural(14),4.0,Natural,14,156
R_3FPt6NNv7fs4bHV,Natural(14),3.0,Natural,14,156
R_2uOs8d5Okoyss7z,Natural(14),3.0,Natural,14,156
R_1JEdl2aEMuUO63f,Natural(14),5.0,Natural,14,156
R_6L3ln2BoQAzJw2d,Natural(14),5.0,Natural,14,156
R_xAA7goWcKMvmb1D,Natural(14),4.0,Natural,14,156
R_248iCMeSwyLS8sF,Natural(14),5.0,Natural,14,156
R_OING4tGkg3q8VLb,Natural(14),4.0,Natural,14,156
R_3kvbwPackXPANmo,Natural(14),4.0,Natural,14,156
R_3lRiG6M8Z6vKWZh,Natural(14),5.0,Natural,14,156
R_3q9cZ9NJjEx872v,Natural(14),3.0,Natural,14,156
R_ABt8n7PxUqkXqy5,Natural(14),5.0,Natural,14,156
R_3k6rPDoCD4kup7x,Natural(14),5.0,Natural,14,156
R_p6iBXJstulO97Jn,Natural(14),4.0,Natural,14,156
R_USFewLQTXHp0kPT,Natural(14),5.0,Natural,14,156
R_vrAH2qrxu41QSv7,Natural(15),5.0,Natural,15,157
R_6Pg4ql6MQumxZo9,Natural(15),3.0,Natural,15,157
R_1QaBlAsk46HI9NJ,Natural(15),5.0,Natural,15,157
R_pKtuHvEeh5mujgl,Natural(15),5.0,Natural,15,157
R_RrYmeJDnKB3hv7r,Natural(15),5.0,Natural,15,157
R_2alPe2ZkILnzWYp,Natural(15),4.0,Natural,15,157
R_24zMzQY1U9LX5Gf,Natural(15),5.0,Natural,15,157
R_2zAp7MZjWbJtouD,Natural(15),5.0,Natural,15,157
R_1lgea30X5yRbWgb,Natural(15),5.0,Natural,15,157
R_1dg0dAPlymYfFcu,Natural(15),5.0,Natural,15,157
R_23TSscPxb3G1aSA,Natural(15),4.0,Natural,15,157
R_3effdDALVVpFhkK,Natural(15),5.0,Natural,15,157
R_2PpvbvcItA8LcqM,Natural(15),4.0,Natural,15,157
R_25WvorTEPc7DuHX,Natural(15),5.0,Natural,15,157
R_ZJCIt5D6m80Wim5,Natural(15),1.0,Natural,15,157
R_6gQpeEEoAOw1CNz,Natural(15),5.0,Natural,15,157
R_UcJP3naTdDXJEDn,Natural(15),4.0,Natural,15,157
R_21pKbw8vqrjpJ4Q,Natural(15),5.0,Natural,15,157
R_1HiWKvIl546M44z,Natural(15),3.0,Natural,15,157
R_BFIiDPrnKiKOhkB,Natural(15),3.0,Natural,15,157
R_232AZeZQOdbRSAK,Natural(15),5.0,Natural,15,157
R_1odMwWpdALe3A7c,Natural(15),5.0,Natural,15,157
R_3CMZ1prTdwstnIi,Natural(15),4.0,Natural,15,157
R_2SDkvNUYWKzQ9b4,Natural(15),4.0,Natural,15,157
R_2qwqWlqovi1EnxK,Natural(15),1.0,Natural,15,157
R_1nSW9rReHHlwpSQ,Natural(15),5.0,Natural,15,157
R_3FPt6NNv7fs4bHV,Natural(15),4.0,Natural,15,157
R_2uOs8d5Okoyss7z,Natural(15),4.0,Natural,15,157
R_1JEdl2aEMuUO63f,Natural(15),5.0,Natural,15,157
R_6L3ln2BoQAzJw2d,Natural(15),5.0,Natural,15,157
R_xAA7goWcKMvmb1D,Natural(15),4.0,Natural,15,157
R_248iCMeSwyLS8sF,Natural(15),3.0,Natural,15,157
R_OING4tGkg3q8VLb,Natural(15),4.0,Natural,15,157
R_3kvbwPackXPANmo,Natural(15),5.0,Natural,15,157
R_3lRiG6M8Z6vKWZh,Natural(15),5.0,Natural,15,157
R_3q9cZ9NJjEx872v,Natural(15),4.0,Natural,15,157
R_ABt8n7PxUqkXqy5,Natural(15),5.0,Natural,15,157
R_3k6rPDoCD4kup7x,Natural(15),5.0,Natural,15,157
R_p6iBXJstulO97Jn,Natural(15),4.0,Natural,15,157
R_USFewLQTXHp0kPT,Natural(15),3.0,Natural,15,157
R_vrAH2qrxu41QSv7,Natural(16),5.0,Natural,16,158
R_6Pg4ql6MQumxZo9,Natural(16),5.0,Natural,16,158
R_1QaBlAsk46HI9NJ,Natural(16),5.0,Natural,16,158
R_pKtuHvEeh5mujgl,Natural(16),4.0,Natural,16,158
R_RrYmeJDnKB3hv7r,Natural(16),5.0,Natural,16,158
R_2alPe2ZkILnzWYp,Natural(16),4.0,Natural,16,158
R_24zMzQY1U9LX5Gf,Natural(16),5.0,Natural,16,158
R_2zAp7MZjWbJtouD,Natural(16),5.0,Natural,16,158
R_1lgea30X5yRbWgb,Natural(16),5.0,Natural,16,158
R_1dg0dAPlymYfFcu,Natural(16),5.0,Natural,16,158
R_23TSscPxb3G1aSA,Natural(16),5.0,Natural,16,158
R_3effdDALVVpFhkK,Natural(16),4.0,Natural,16,158
R_2PpvbvcItA8LcqM,Natural(16),5.0,Natural,16,158
R_25WvorTEPc7DuHX,Natural(16),5.0,Natural,16,158
R_ZJCIt5D6m80Wim5,Natural(16),4.0,Natural,16,158
R_6gQpeEEoAOw1CNz,Natural(16),5.0,Natural,16,158
R_UcJP3naTdDXJEDn,Natural(16),3.0,Natural,16,158
R_21pKbw8vqrjpJ4Q,Natural(16),5.0,Natural,16,158
R_1HiWKvIl546M44z,Natural(16),3.0,Natural,16,158
R_BFIiDPrnKiKOhkB,Natural(16),4.0,Natural,16,158
R_232AZeZQOdbRSAK,Natural(16),5.0,Natural,16,158
R_1odMwWpdALe3A7c,Natural(16),4.0,Natural,16,158
R_3CMZ1prTdwstnIi,Natural(16),3.0,Natural,16,158
R_2SDkvNUYWKzQ9b4,Natural(16),5.0,Natural,16,158
R_2qwqWlqovi1EnxK,Natural(16),4.0,Natural,16,158
R_1nSW9rReHHlwpSQ,Natural(16),4.0,Natural,16,158
R_3FPt6NNv7fs4bHV,Natural(16),3.0,Natural,16,158
R_2uOs8d5Okoyss7z,Natural(16),4.0,Natural,16,158
R_1JEdl2aEMuUO63f,Natural(16),5.0,Natural,16,158
R_6L3ln2BoQAzJw2d,Natural(16),5.0,Natural,16,158
R_xAA7goWcKMvmb1D,Natural(16),4.0,Natural,16,158
R_248iCMeSwyLS8sF,Natural(16),3.0,Natural,16,158
R_OING4tGkg3q8VLb,Natural(16),4.0,Natural,16,158
R_3kvbwPackXPANmo,Natural(16),5.0,Natural,16,158
R_3lRiG6M8Z6vKWZh,Natural(16),5.0,Natural,16,158
R_3q9cZ9NJjEx872v,Natural(16),3.0,Natural,16,158
R_ABt8n7PxUqkXqy5,Natural(16),5.0,Natural,16,158
R_3k6rPDoCD4kup7x,Natural(16),5.0,Natural,16,158
R_p6iBXJstulO97Jn,Natural(16),4.0,Natural,16,158
R_USFewLQTXHp0kPT,Natural(16),3.0,Natural,16,158
R_vrAH2qrxu41QSv7,Natural(17),5.0,Natural,17,159
R_6Pg4ql6MQumxZo9,Natural(17),5.0,Natural,17,159
R_1QaBlAsk46HI9NJ,Natural(17),4.0,Natural,17,159
R_pKtuHvEeh5mujgl,Natural(17),5.0,Natural,17,159
R_RrYmeJDnKB3hv7r,Natural(17),5.0,Natural,17,159
R_2alPe2ZkILnzWYp,Natural(17),5.0,Natural,17,159
R_24zMzQY1U9LX5Gf,Natural(17),5.0,Natural,17,159
R_2zAp7MZjWbJtouD,Natural(17),5.0,Natural,17,159
R_1lgea30X5yRbWgb,Natural(17),5.0,Natural,17,159
R_1dg0dAPlymYfFcu,Natural(17),5.0,Natural,17,159
R_23TSscPxb3G1aSA,Natural(17),5.0,Natural,17,159
R_3effdDALVVpFhkK,Natural(17),4.0,Natural,17,159
R_2PpvbvcItA8LcqM,Natural(17),5.0,Natural,17,159
R_25WvorTEPc7DuHX,Natural(17),5.0,Natural,17,159
R_ZJCIt5D6m80Wim5,Natural(17),5.0,Natural,17,159
R_6gQpeEEoAOw1CNz,Natural(17),5.0,Natural,17,159
R_UcJP3naTdDXJEDn,Natural(17),5.0,Natural,17,159
R_21pKbw8vqrjpJ4Q,Natural(17),5.0,Natural,17,159
R_1HiWKvIl546M44z,Natural(17),4.0,Natural,17,159
R_BFIiDPrnKiKOhkB,Natural(17),5.0,Natural,17,159
R_232AZeZQOdbRSAK,Natural(17),3.0,Natural,17,159
R_1odMwWpdALe3A7c,Natural(17),5.0,Natural,17,159
R_3CMZ1prTdwstnIi,Natural(17),5.0,Natural,17,159
R_2SDkvNUYWKzQ9b4,Natural(17),5.0,Natural,17,159
R_2qwqWlqovi1EnxK,Natural(17),5.0,Natural,17,159
R_1nSW9rReHHlwpSQ,Natural(17),5.0,Natural,17,159
R_3FPt6NNv7fs4bHV,Natural(17),5.0,Natural,17,159
R_2uOs8d5Okoyss7z,Natural(17),3.0,Natural,17,159
R_1JEdl2aEMuUO63f,Natural(17),5.0,Natural,17,159
R_6L3ln2BoQAzJw2d,Natural(17),5.0,Natural,17,159
R_xAA7goWcKMvmb1D,Natural(17),3.0,Natural,17,159
R_248iCMeSwyLS8sF,Natural(17),3.0,Natural,17,159
R_OING4tGkg3q8VLb,Natural(17),3.0,Natural,17,159
R_3kvbwPackXPANmo,Natural(17),5.0,Natural,17,159
R_3lRiG6M8Z6vKWZh,Natural(17),5.0,Natural,17,159
R_3q9cZ9NJjEx872v,Natural(17),5.0,Natural,17,159
R_ABt8n7PxUqkXqy5,Natural(17),4.0,Natural,17,159
R_3k6rPDoCD4kup7x,Natural(17),5.0,Natural,17,159
R_p6iBXJstulO97Jn,Natural(17),4.0,Natural,17,159
R_USFewLQTXHp0kPT,Natural(17),4.0,Natural,17,159
R_vrAH2qrxu41QSv7,Natural(18),5.0,Natural,18,160
R_6Pg4ql6MQumxZo9,Natural(18),1.0,Natural,18,160
R_1QaBlAsk46HI9NJ,Natural(18),4.0,Natural,18,160
R_pKtuHvEeh5mujgl,Natural(18),4.0,Natural,18,160
R_RrYmeJDnKB3hv7r,Natural(18),5.0,Natural,18,160
R_2alPe2ZkILnzWYp,Natural(18),5.0,Natural,18,160
R_24zMzQY1U9LX5Gf,Natural(18),5.0,Natural,18,160
R_2zAp7MZjWbJtouD,Natural(18),1.0,Natural,18,160
R_1lgea30X5yRbWgb,Natural(18),5.0,Natural,18,160
R_1dg0dAPlymYfFcu,Natural(18),4.0,Natural,18,160
R_23TSscPxb3G1aSA,Natural(18),5.0,Natural,18,160
R_3effdDALVVpFhkK,Natural(18),4.0,Natural,18,160
R_2PpvbvcItA8LcqM,Natural(18),4.0,Natural,18,160
R_25WvorTEPc7DuHX,Natural(18),5.0,Natural,18,160
R_ZJCIt5D6m80Wim5,Natural(18),1.0,Natural,18,160
R_6gQpeEEoAOw1CNz,Natural(18),3.0,Natural,18,160
R_UcJP3naTdDXJEDn,Natural(18),3.0,Natural,18,160
R_21pKbw8vqrjpJ4Q,Natural(18),4.0,Natural,18,160
R_1HiWKvIl546M44z,Natural(18),2.0,Natural,18,160
R_BFIiDPrnKiKOhkB,Natural(18),3.0,Natural,18,160
R_232AZeZQOdbRSAK,Natural(18),2.0,Natural,18,160
R_1odMwWpdALe3A7c,Natural(18),4.0,Natural,18,160
R_3CMZ1prTdwstnIi,Natural(18),2.0,Natural,18,160
R_2SDkvNUYWKzQ9b4,Natural(18),4.0,Natural,18,160
R_2qwqWlqovi1EnxK,Natural(18),4.0,Natural,18,160
R_1nSW9rReHHlwpSQ,Natural(18),2.0,Natural,18,160
R_3FPt6NNv7fs4bHV,Natural(18),3.0,Natural,18,160
R_2uOs8d5Okoyss7z,Natural(18),5.0,Natural,18,160
R_1JEdl2aEMuUO63f,Natural(18),5.0,Natural,18,160
R_6L3ln2BoQAzJw2d,Natural(18),5.0,Natural,18,160
R_xAA7goWcKMvmb1D,Natural(18),1.0,Natural,18,160
R_248iCMeSwyLS8sF,Natural(18),2.0,Natural,18,160
R_OING4tGkg3q8VLb,Natural(18),3.0,Natural,18,160
R_3kvbwPackXPANmo,Natural(18),3.0,Natural,18,160
R_3lRiG6M8Z6vKWZh,Natural(18),1.0,Natural,18,160
R_3q9cZ9NJjEx872v,Natural(18),1.0,Natural,18,160
R_ABt8n7PxUqkXqy5,Natural(18),5.0,Natural,18,160
R_3k6rPDoCD4kup7x,Natural(18),5.0,Natural,18,160
R_p6iBXJstulO97Jn,Natural(18),2.0,Natural,18,160
R_USFewLQTXHp0kPT,Natural(18),3.0,Natural,18,160
R_vrAH2qrxu41QSv7,Natural(19),5.0,Natural,19,161
R_6Pg4ql6MQumxZo9,Natural(19),5.0,Natural,19,161
R_1QaBlAsk46HI9NJ,Natural(19),5.0,Natural,19,161
R_pKtuHvEeh5mujgl,Natural(19),5.0,Natural,19,161
R_RrYmeJDnKB3hv7r,Natural(19),5.0,Natural,19,161
R_2alPe2ZkILnzWYp,Natural(19),5.0,Natural,19,161
R_24zMzQY1U9LX5Gf,Natural(19),5.0,Natural,19,161
R_2zAp7MZjWbJtouD,Natural(19),5.0,Natural,19,161
R_1lgea30X5yRbWgb,Natural(19),1.0,Natural,19,161
R_1dg0dAPlymYfFcu,Natural(19),5.0,Natural,19,161
R_23TSscPxb3G1aSA,Natural(19),5.0,Natural,19,161
R_3effdDALVVpFhkK,Natural(19),4.0,Natural,19,161
R_2PpvbvcItA8LcqM,Natural(19),5.0,Natural,19,161
R_25WvorTEPc7DuHX,Natural(19),5.0,Natural,19,161
R_ZJCIt5D6m80Wim5,Natural(19),4.0,Natural,19,161
R_6gQpeEEoAOw1CNz,Natural(19),5.0,Natural,19,161
R_UcJP3naTdDXJEDn,Natural(19),4.0,Natural,19,161
R_21pKbw8vqrjpJ4Q,Natural(19),5.0,Natural,19,161
R_1HiWKvIl546M44z,Natural(19),5.0,Natural,19,161
R_BFIiDPrnKiKOhkB,Natural(19),5.0,Natural,19,161
R_232AZeZQOdbRSAK,Natural(19),5.0,Natural,19,161
R_1odMwWpdALe3A7c,Natural(19),4.0,Natural,19,161
R_3CMZ1prTdwstnIi,Natural(19),5.0,Natural,19,161
R_2SDkvNUYWKzQ9b4,Natural(19),5.0,Natural,19,161
R_2qwqWlqovi1EnxK,Natural(19),5.0,Natural,19,161
R_1nSW9rReHHlwpSQ,Natural(19),5.0,Natural,19,161
R_3FPt6NNv7fs4bHV,Natural(19),5.0,Natural,19,161
R_2uOs8d5Okoyss7z,Natural(19),5.0,Natural,19,161
R_1JEdl2aEMuUO63f,Natural(19),5.0,Natural,19,161
R_6L3ln2BoQAzJw2d,Natural(19),5.0,Natural,19,161
R_xAA7goWcKMvmb1D,Natural(19),4.0,Natural,19,161
R_248iCMeSwyLS8sF,Natural(19),5.0,Natural,19,161
R_OING4tGkg3q8VLb,Natural(19),4.0,Natural,19,161
R_3kvbwPackXPANmo,Natural(19),5.0,Natural,19,161
R_3lRiG6M8Z6vKWZh,Natural(19),5.0,Natural,19,161
R_3q9cZ9NJjEx872v,Natural(19),5.0,Natural,19,161
R_ABt8n7PxUqkXqy5,Natural(19),5.0,Natural,19,161
R_3k6rPDoCD4kup7x,Natural(19),5.0,Natural,19,161
R_p6iBXJstulO97Jn,Natural(19),5.0,Natural,19,161
R_USFewLQTXHp0kPT,Natural(19),5.0,Natural,19,161
