subj_id,qual_col,Completion,compLower,measure,row,sentID,determiner,noun,isDet,isWord
R_1AeLfMZXZ76HTHz,Comp(1),sd,sd,Comp,1,1.0,,-99,False,False
R_vrAH2qrxu41QSv7,Comp(1),de trein,de trein,Comp,1,1.0,de,trein,True,True
R_6Pg4ql6MQumxZo9,Comp(1),de trein,de trein,Comp,1,1.0,de,trein,True,True
R_1QaBlAsk46HI9NJ,Comp(1),de fiets,de fiets,Comp,1,1.0,de,fiets,True,True
R_pKtuHvEeh5mujgl,Comp(1),de auto,de auto,Comp,1,1.0,de,auto,True,True
R_RrYmeJDnKB3hv7r,Comp(1),de trein,de trein,Comp,1,1.0,de,trein,True,True
R_2alPe2ZkILnzWYp,Comp(1),de trein,de trein,Comp,1,1.0,de,trein,True,True
R_24zMzQY1U9LX5Gf,Comp(1),de trein,de trein,Comp,1,1.0,de,trein,True,True
R_2zAp7MZjWbJtouD,Comp(1),de trein,de trein,Comp,1,1.0,de,trein,True,True
R_1lgea30X5yRbWgb,Comp(1),Auto,auto,Comp,1,1.0,,-99,False,False
R_1dg0dAPlymYfFcu,Comp(1),de trein,de trein,Comp,1,1.0,de,trein,True,True
R_23TSscPxb3G1aSA,Comp(1),trein,trein,Comp,1,1.0,,-99,False,False
R_3effdDALVVpFhkK,Comp(1),de trein,de trein,Comp,1,1.0,de,trein,True,True
R_2PpvbvcItA8LcqM,Comp(1),de trein,de trein,Comp,1,1.0,de,trein,True,True
R_25WvorTEPc7DuHX,Comp(1),de trein,de trein,Comp,1,1.0,de,trein,True,True
R_ZJCIt5D6m80Wim5,Comp(1),De trein,de trein,Comp,1,1.0,De,trein,True,True
R_6gQpeEEoAOw1CNz,Comp(1),de auto,de auto,Comp,1,1.0,de,auto,True,True
R_UcJP3naTdDXJEDn,Comp(1),De trein,de trein,Comp,1,1.0,De,trein,True,True
R_21pKbw8vqrjpJ4Q,Comp(1),de trein,de trein,Comp,1,1.0,de,trein,True,True
R_1HiWKvIl546M44z,Comp(1),de trein,de trein,Comp,1,1.0,de,trein,True,True
R_BFIiDPrnKiKOhkB,Comp(1),de trein,de trein,Comp,1,1.0,de,trein,True,True
R_232AZeZQOdbRSAK,Comp(1),de trein,de trein,Comp,1,1.0,de,trein,True,True
R_1odMwWpdALe3A7c,Comp(1),de trein,de trein,Comp,1,1.0,de,trein,True,True
R_3CMZ1prTdwstnIi,Comp(1),de trein ,de trein ,Comp,1,1.0,,-99,False,False
R_2SDkvNUYWKzQ9b4,Comp(1),de trein,de trein,Comp,1,1.0,de,trein,True,True
R_2qwqWlqovi1EnxK,Comp(1),de trein,de trein,Comp,1,1.0,de,trein,True,True
R_1nSW9rReHHlwpSQ,Comp(1),De trein,de trein,Comp,1,1.0,De,trein,True,True
R_3FPt6NNv7fs4bHV,Comp(1),de trein,de trein,Comp,1,1.0,de,trein,True,True
R_2uOs8d5Okoyss7z,Comp(1),de trein,de trein,Comp,1,1.0,de,trein,True,True
R_1JEdl2aEMuUO63f,Comp(1),de auto,de auto,Comp,1,1.0,de,auto,True,True
R_6L3ln2BoQAzJw2d,Comp(1),de trein,de trein,Comp,1,1.0,de,trein,True,True
R_xAA7goWcKMvmb1D,Comp(1),de trein,de trein,Comp,1,1.0,de,trein,True,True
R_248iCMeSwyLS8sF,Comp(1),de trein,de trein,Comp,1,1.0,de,trein,True,True
R_OING4tGkg3q8VLb,Comp(1),de veerboot,de veerboot,Comp,1,1.0,de,veerboot,True,True
R_3kvbwPackXPANmo,Comp(1),de trein,de trein,Comp,1,1.0,de,trein,True,True
R_3lRiG6M8Z6vKWZh,Comp(1),de trein,de trein,Comp,1,1.0,de,trein,True,True
R_3q9cZ9NJjEx872v,Comp(1),de trein,de trein,Comp,1,1.0,de,trein,True,True
R_ABt8n7PxUqkXqy5,Comp(1),De bus,de bus,Comp,1,1.0,De,bus,True,True
R_3k6rPDoCD4kup7x,Comp(1),de trein,de trein,Comp,1,1.0,de,trein,True,True
R_p6iBXJstulO97Jn,Comp(1),De trein,de trein,Comp,1,1.0,De,trein,True,True
R_USFewLQTXHp0kPT,Comp(1),de trein,de trein,Comp,1,1.0,de,trein,True,True
R_1AeLfMZXZ76HTHz,Comp(2),sd,sd,Comp,2,2.0,,-99,False,False
R_vrAH2qrxu41QSv7,Comp(2),het strand,het strand,Comp,2,2.0,het,strand,True,True
R_6Pg4ql6MQumxZo9,Comp(2),het strand,het strand,Comp,2,2.0,het,strand,True,True
R_1QaBlAsk46HI9NJ,Comp(2),het strand,het strand,Comp,2,2.0,het,strand,True,True
R_pKtuHvEeh5mujgl,Comp(2),het strand,het strand,Comp,2,2.0,het,strand,True,True
R_RrYmeJDnKB3hv7r,Comp(2),het strand,het strand,Comp,2,2.0,het,strand,True,True
R_2alPe2ZkILnzWYp,Comp(2),het strand,het strand,Comp,2,2.0,het,strand,True,True
R_24zMzQY1U9LX5Gf,Comp(2),het strand,het strand,Comp,2,2.0,het,strand,True,True
R_2zAp7MZjWbJtouD,Comp(2),het strand,het strand,Comp,2,2.0,het,strand,True,True
R_1lgea30X5yRbWgb,Comp(2),Strand,strand,Comp,2,2.0,,-99,False,False
R_1dg0dAPlymYfFcu,Comp(2),het strand,het strand,Comp,2,2.0,het,strand,True,True
R_23TSscPxb3G1aSA,Comp(2),strand,strand,Comp,2,2.0,,-99,False,False
R_3effdDALVVpFhkK,Comp(2),het strand ,het strand ,Comp,2,2.0,,-99,False,False
R_2PpvbvcItA8LcqM,Comp(2),het strand,het strand,Comp,2,2.0,het,strand,True,True
R_25WvorTEPc7DuHX,Comp(2),het strand,het strand,Comp,2,2.0,het,strand,True,True
R_ZJCIt5D6m80Wim5,Comp(2),Het strand,het strand,Comp,2,2.0,Het,strand,True,True
R_6gQpeEEoAOw1CNz,Comp(2),het strand,het strand,Comp,2,2.0,het,strand,True,True
R_UcJP3naTdDXJEDn,Comp(2),Het strand,het strand,Comp,2,2.0,Het,strand,True,True
R_21pKbw8vqrjpJ4Q,Comp(2),het strand,het strand,Comp,2,2.0,het,strand,True,True
R_1HiWKvIl546M44z,Comp(2),het strand,het strand,Comp,2,2.0,het,strand,True,True
R_BFIiDPrnKiKOhkB,Comp(2),het strand,het strand,Comp,2,2.0,het,strand,True,True
R_232AZeZQOdbRSAK,Comp(2),het strand,het strand,Comp,2,2.0,het,strand,True,True
R_1odMwWpdALe3A7c,Comp(2),het strand,het strand,Comp,2,2.0,het,strand,True,True
R_3CMZ1prTdwstnIi,Comp(2),het strand ,het strand ,Comp,2,2.0,,-99,False,False
R_2SDkvNUYWKzQ9b4,Comp(2),het strand,het strand,Comp,2,2.0,het,strand,True,True
R_2qwqWlqovi1EnxK,Comp(2),het strand,het strand,Comp,2,2.0,het,strand,True,True
R_1nSW9rReHHlwpSQ,Comp(2),Het strand ,het strand ,Comp,2,2.0,,-99,False,False
R_3FPt6NNv7fs4bHV,Comp(2),het strand,het strand,Comp,2,2.0,het,strand,True,True
R_2uOs8d5Okoyss7z,Comp(2),het strand,het strand,Comp,2,2.0,het,strand,True,True
R_1JEdl2aEMuUO63f,Comp(2),het strand,het strand,Comp,2,2.0,het,strand,True,True
R_6L3ln2BoQAzJw2d,Comp(2),het strand,het strand,Comp,2,2.0,het,strand,True,True
R_xAA7goWcKMvmb1D,Comp(2),het strand,het strand,Comp,2,2.0,het,strand,True,True
R_248iCMeSwyLS8sF,Comp(2),het strand,het strand,Comp,2,2.0,het,strand,True,True
R_OING4tGkg3q8VLb,Comp(2),het vliegveld,het vliegveld,Comp,2,2.0,het,vliegveld,True,True
R_3kvbwPackXPANmo,Comp(2),het strand,het strand,Comp,2,2.0,het,strand,True,True
R_3lRiG6M8Z6vKWZh,Comp(2),het strand,het strand,Comp,2,2.0,het,strand,True,True
R_3q9cZ9NJjEx872v,Comp(2),het strand,het strand,Comp,2,2.0,het,strand,True,True
R_ABt8n7PxUqkXqy5,Comp(2),Het strand,het strand,Comp,2,2.0,Het,strand,True,True
R_3k6rPDoCD4kup7x,Comp(2),het strand,het strand,Comp,2,2.0,het,strand,True,True
R_p6iBXJstulO97Jn,Comp(2),Het strand,het strand,Comp,2,2.0,Het,strand,True,True
R_USFewLQTXHp0kPT,Comp(2),het strand,het strand,Comp,2,2.0,het,strand,True,True
R_1AeLfMZXZ76HTHz,Comp(3),sd,sd,Comp,3,3.0,,-99,False,False
R_vrAH2qrxu41QSv7,Comp(3),de lift,de lift,Comp,3,3.0,de,lift,True,True
R_6Pg4ql6MQumxZo9,Comp(3),de lift,de lift,Comp,3,3.0,de,lift,True,True
R_1QaBlAsk46HI9NJ,Comp(3),de lift,de lift,Comp,3,3.0,de,lift,True,True
R_pKtuHvEeh5mujgl,Comp(3),de lift,de lift,Comp,3,3.0,de,lift,True,True
R_RrYmeJDnKB3hv7r,Comp(3),de lift ,de lift ,Comp,3,3.0,,-99,False,False
R_2alPe2ZkILnzWYp,Comp(3),de lift,de lift,Comp,3,3.0,de,lift,True,True
R_24zMzQY1U9LX5Gf,Comp(3),de lift,de lift,Comp,3,3.0,de,lift,True,True
R_2zAp7MZjWbJtouD,Comp(3),de lift,de lift,Comp,3,3.0,de,lift,True,True
R_1lgea30X5yRbWgb,Comp(3),Lift,lift,Comp,3,3.0,,-99,False,False
R_1dg0dAPlymYfFcu,Comp(3),de lift,de lift,Comp,3,3.0,de,lift,True,True
R_23TSscPxb3G1aSA,Comp(3),lift,lift,Comp,3,3.0,,-99,False,False
R_3effdDALVVpFhkK,Comp(3),de lift,de lift,Comp,3,3.0,de,lift,True,True
R_2PpvbvcItA8LcqM,Comp(3),de lift,de lift,Comp,3,3.0,de,lift,True,True
R_25WvorTEPc7DuHX,Comp(3),de lift,de lift,Comp,3,3.0,de,lift,True,True
R_ZJCIt5D6m80Wim5,Comp(3),De lift,de lift,Comp,3,3.0,De,lift,True,True
R_6gQpeEEoAOw1CNz,Comp(3),de lift,de lift,Comp,3,3.0,de,lift,True,True
R_UcJP3naTdDXJEDn,Comp(3),De lift,de lift,Comp,3,3.0,De,lift,True,True
R_21pKbw8vqrjpJ4Q,Comp(3),de lift,de lift,Comp,3,3.0,de,lift,True,True
R_1HiWKvIl546M44z,Comp(3),de lift,de lift,Comp,3,3.0,de,lift,True,True
R_BFIiDPrnKiKOhkB,Comp(3),de lift ,de lift ,Comp,3,3.0,,-99,False,False
R_232AZeZQOdbRSAK,Comp(3),de lift,de lift,Comp,3,3.0,de,lift,True,True
R_1odMwWpdALe3A7c,Comp(3),de lift,de lift,Comp,3,3.0,de,lift,True,True
R_3CMZ1prTdwstnIi,Comp(3),de lift ,de lift ,Comp,3,3.0,,-99,False,False
R_2SDkvNUYWKzQ9b4,Comp(3),de lift,de lift,Comp,3,3.0,de,lift,True,True
R_2qwqWlqovi1EnxK,Comp(3),de lift,de lift,Comp,3,3.0,de,lift,True,True
R_1nSW9rReHHlwpSQ,Comp(3),De lift ,de lift ,Comp,3,3.0,,-99,False,False
R_3FPt6NNv7fs4bHV,Comp(3),de lift,de lift,Comp,3,3.0,de,lift,True,True
R_2uOs8d5Okoyss7z,Comp(3),de lift,de lift,Comp,3,3.0,de,lift,True,True
R_1JEdl2aEMuUO63f,Comp(3),de lift,de lift,Comp,3,3.0,de,lift,True,True
R_6L3ln2BoQAzJw2d,Comp(3),de lift,de lift,Comp,3,3.0,de,lift,True,True
R_xAA7goWcKMvmb1D,Comp(3),de lift,de lift,Comp,3,3.0,de,lift,True,True
R_248iCMeSwyLS8sF,Comp(3),de lift,de lift,Comp,3,3.0,de,lift,True,True
R_OING4tGkg3q8VLb,Comp(3),de lift,de lift,Comp,3,3.0,de,lift,True,True
R_3kvbwPackXPANmo,Comp(3),de lift,de lift,Comp,3,3.0,de,lift,True,True
R_3lRiG6M8Z6vKWZh,Comp(3),de lift,de lift,Comp,3,3.0,de,lift,True,True
R_3q9cZ9NJjEx872v,Comp(3),de deur,de deur,Comp,3,3.0,de,deur,True,True
R_ABt8n7PxUqkXqy5,Comp(3),De lift,de lift,Comp,3,3.0,De,lift,True,True
R_3k6rPDoCD4kup7x,Comp(3),de lift,de lift,Comp,3,3.0,de,lift,True,True
R_p6iBXJstulO97Jn,Comp(3),de lift,de lift,Comp,3,3.0,de,lift,True,True
R_USFewLQTXHp0kPT,Comp(3),de lift,de lift,Comp,3,3.0,de,lift,True,True
R_1AeLfMZXZ76HTHz,Comp(4),sd,sd,Comp,4,4.0,,-99,False,False
R_vrAH2qrxu41QSv7,Comp(4),de auto,de auto,Comp,4,4.0,de,auto,True,True
R_6Pg4ql6MQumxZo9,Comp(4),de auto,de auto,Comp,4,4.0,de,auto,True,True
R_1QaBlAsk46HI9NJ,Comp(4),de auto,de auto,Comp,4,4.0,de,auto,True,True
R_pKtuHvEeh5mujgl,Comp(4),de auto,de auto,Comp,4,4.0,de,auto,True,True
R_RrYmeJDnKB3hv7r,Comp(4),de auto,de auto,Comp,4,4.0,de,auto,True,True
R_2alPe2ZkILnzWYp,Comp(4),de auto,de auto,Comp,4,4.0,de,auto,True,True
R_24zMzQY1U9LX5Gf,Comp(4),de fiets,de fiets,Comp,4,4.0,de,fiets,True,True
R_2zAp7MZjWbJtouD,Comp(4),de auto,de auto,Comp,4,4.0,de,auto,True,True
R_1lgea30X5yRbWgb,Comp(4),Auto,auto,Comp,4,4.0,,-99,False,False
R_1dg0dAPlymYfFcu,Comp(4),de auto,de auto,Comp,4,4.0,de,auto,True,True
R_23TSscPxb3G1aSA,Comp(4),auto,auto,Comp,4,4.0,,-99,False,False
R_3effdDALVVpFhkK,Comp(4),de brommer,de brommer,Comp,4,4.0,de,brommer,True,True
R_2PpvbvcItA8LcqM,Comp(4),de auto,de auto,Comp,4,4.0,de,auto,True,True
R_25WvorTEPc7DuHX,Comp(4),de auto,de auto,Comp,4,4.0,de,auto,True,True
R_ZJCIt5D6m80Wim5,Comp(4),De auto,de auto,Comp,4,4.0,De,auto,True,True
R_6gQpeEEoAOw1CNz,Comp(4),de auto,de auto,Comp,4,4.0,de,auto,True,True
R_UcJP3naTdDXJEDn,Comp(4),De auto ,de auto ,Comp,4,4.0,,-99,False,False
R_21pKbw8vqrjpJ4Q,Comp(4),de auto,de auto,Comp,4,4.0,de,auto,True,True
R_1HiWKvIl546M44z,Comp(4),de auto,de auto,Comp,4,4.0,de,auto,True,True
R_BFIiDPrnKiKOhkB,Comp(4),de auto,de auto,Comp,4,4.0,de,auto,True,True
R_232AZeZQOdbRSAK,Comp(4),de fiets,de fiets,Comp,4,4.0,de,fiets,True,True
R_1odMwWpdALe3A7c,Comp(4),de auto,de auto,Comp,4,4.0,de,auto,True,True
R_3CMZ1prTdwstnIi,Comp(4),de auto ,de auto ,Comp,4,4.0,,-99,False,False
R_2SDkvNUYWKzQ9b4,Comp(4),de auto,de auto,Comp,4,4.0,de,auto,True,True
R_2qwqWlqovi1EnxK,Comp(4),de auto,de auto,Comp,4,4.0,de,auto,True,True
R_1nSW9rReHHlwpSQ,Comp(4),De auto,de auto,Comp,4,4.0,De,auto,True,True
R_3FPt6NNv7fs4bHV,Comp(4),de fiets,de fiets,Comp,4,4.0,de,fiets,True,True
R_2uOs8d5Okoyss7z,Comp(4),de auto,de auto,Comp,4,4.0,de,auto,True,True
R_1JEdl2aEMuUO63f,Comp(4),de auto,de auto,Comp,4,4.0,de,auto,True,True
R_6L3ln2BoQAzJw2d,Comp(4),de auto,de auto,Comp,4,4.0,de,auto,True,True
R_xAA7goWcKMvmb1D,Comp(4),de fiets,de fiets,Comp,4,4.0,de,fiets,True,True
R_248iCMeSwyLS8sF,Comp(4),de tuk-tuk,de tuk-tuk,Comp,4,4.0,,-99,False,False
R_OING4tGkg3q8VLb,Comp(4),de auto,de auto,Comp,4,4.0,de,auto,True,True
R_3kvbwPackXPANmo,Comp(4),de auto,de auto,Comp,4,4.0,de,auto,True,True
R_3lRiG6M8Z6vKWZh,Comp(4),de auto,de auto,Comp,4,4.0,de,auto,True,True
R_3q9cZ9NJjEx872v,Comp(4),de auto,de auto,Comp,4,4.0,de,auto,True,True
R_ABt8n7PxUqkXqy5,Comp(4),De auto,de auto,Comp,4,4.0,De,auto,True,True
R_3k6rPDoCD4kup7x,Comp(4),de auto,de auto,Comp,4,4.0,de,auto,True,True
R_p6iBXJstulO97Jn,Comp(4),De auto,de auto,Comp,4,4.0,De,auto,True,True
R_USFewLQTXHp0kPT,Comp(4),de auto,de auto,Comp,4,4.0,de,auto,True,True
R_1AeLfMZXZ76HTHz,Comp(5),sd,sd,Comp,5,5.0,,-99,False,False
R_vrAH2qrxu41QSv7,Comp(5),de politie,de politie,Comp,5,5.0,de,politie,True,True
R_6Pg4ql6MQumxZo9,Comp(5),de politie,de politie,Comp,5,5.0,de,politie,True,True
R_1QaBlAsk46HI9NJ,Comp(5),de politie,de politie,Comp,5,5.0,de,politie,True,True
R_pKtuHvEeh5mujgl,Comp(5),de politie,de politie,Comp,5,5.0,de,politie,True,True
R_RrYmeJDnKB3hv7r,Comp(5),de politie ,de politie ,Comp,5,5.0,,-99,False,False
R_2alPe2ZkILnzWYp,Comp(5),de politie,de politie,Comp,5,5.0,de,politie,True,True
R_24zMzQY1U9LX5Gf,Comp(5),de politie,de politie,Comp,5,5.0,de,politie,True,True
R_2zAp7MZjWbJtouD,Comp(5),de politie,de politie,Comp,5,5.0,de,politie,True,True
R_1lgea30X5yRbWgb,Comp(5),Politie,politie,Comp,5,5.0,,-99,False,False
R_1dg0dAPlymYfFcu,Comp(5),de politie,de politie,Comp,5,5.0,de,politie,True,True
R_23TSscPxb3G1aSA,Comp(5),politie,politie,Comp,5,5.0,,-99,False,False
R_3effdDALVVpFhkK,Comp(5),de politie ,de politie ,Comp,5,5.0,,-99,False,False
R_2PpvbvcItA8LcqM,Comp(5),de politie,de politie,Comp,5,5.0,de,politie,True,True
R_25WvorTEPc7DuHX,Comp(5),de politie,de politie,Comp,5,5.0,de,politie,True,True
R_ZJCIt5D6m80Wim5,Comp(5),De politie,de politie,Comp,5,5.0,De,politie,True,True
R_6gQpeEEoAOw1CNz,Comp(5),de politie ,de politie ,Comp,5,5.0,,-99,False,False
R_UcJP3naTdDXJEDn,Comp(5),De politie ,de politie ,Comp,5,5.0,,-99,False,False
R_21pKbw8vqrjpJ4Q,Comp(5),de politie,de politie,Comp,5,5.0,de,politie,True,True
R_1HiWKvIl546M44z,Comp(5),de politie,de politie,Comp,5,5.0,de,politie,True,True
R_BFIiDPrnKiKOhkB,Comp(5),de politie,de politie,Comp,5,5.0,de,politie,True,True
R_232AZeZQOdbRSAK,Comp(5),de politie,de politie,Comp,5,5.0,de,politie,True,True
R_1odMwWpdALe3A7c,Comp(5),de politie,de politie,Comp,5,5.0,de,politie,True,True
R_3CMZ1prTdwstnIi,Comp(5),de politie ,de politie ,Comp,5,5.0,,-99,False,False
R_2SDkvNUYWKzQ9b4,Comp(5),de politie,de politie,Comp,5,5.0,de,politie,True,True
R_2qwqWlqovi1EnxK,Comp(5),de politie,de politie,Comp,5,5.0,de,politie,True,True
R_1nSW9rReHHlwpSQ,Comp(5),De politie ,de politie ,Comp,5,5.0,,-99,False,False
R_3FPt6NNv7fs4bHV,Comp(5),de politie,de politie,Comp,5,5.0,de,politie,True,True
R_2uOs8d5Okoyss7z,Comp(5),de politie ,de politie ,Comp,5,5.0,,-99,False,False
R_1JEdl2aEMuUO63f,Comp(5),de politie ,de politie ,Comp,5,5.0,,-99,False,False
R_6L3ln2BoQAzJw2d,Comp(5),de politie,de politie,Comp,5,5.0,de,politie,True,True
R_xAA7goWcKMvmb1D,Comp(5),de politie,de politie,Comp,5,5.0,de,politie,True,True
R_248iCMeSwyLS8sF,Comp(5),de politie,de politie,Comp,5,5.0,de,politie,True,True
R_OING4tGkg3q8VLb,Comp(5),de verzekeraar,de verzekeraar,Comp,5,5.0,de,verzekeraar,True,True
R_3kvbwPackXPANmo,Comp(5),de politie,de politie,Comp,5,5.0,de,politie,True,True
R_3lRiG6M8Z6vKWZh,Comp(5),de politie,de politie,Comp,5,5.0,de,politie,True,True
R_3q9cZ9NJjEx872v,Comp(5),de politie,de politie,Comp,5,5.0,de,politie,True,True
R_ABt8n7PxUqkXqy5,Comp(5),De politie,de politie,Comp,5,5.0,De,politie,True,True
R_3k6rPDoCD4kup7x,Comp(5),de politie,de politie,Comp,5,5.0,de,politie,True,True
R_p6iBXJstulO97Jn,Comp(5),De politie,de politie,Comp,5,5.0,De,politie,True,True
R_USFewLQTXHp0kPT,Comp(5),de politie,de politie,Comp,5,5.0,de,politie,True,True
R_1AeLfMZXZ76HTHz,Comp(6),sd,sd,Comp,6,6.0,,-99,False,False
R_vrAH2qrxu41QSv7,Comp(6),de bank,de bank,Comp,6,6.0,de,bank,True,True
R_6Pg4ql6MQumxZo9,Comp(6),de bank,de bank,Comp,6,6.0,de,bank,True,True
R_1QaBlAsk46HI9NJ,Comp(6),de bank,de bank,Comp,6,6.0,de,bank,True,True
R_pKtuHvEeh5mujgl,Comp(6),de bank,de bank,Comp,6,6.0,de,bank,True,True
R_RrYmeJDnKB3hv7r,Comp(6),de bank,de bank,Comp,6,6.0,de,bank,True,True
R_2alPe2ZkILnzWYp,Comp(6),een spaarrekening,een spaarrekening,Comp,6,6.0,een,spaarrekening,False,True
R_24zMzQY1U9LX5Gf,Comp(6),een spaarrekening,een spaarrekening,Comp,6,6.0,een,spaarrekening,False,True
R_2zAp7MZjWbJtouD,Comp(6),de bank ,de bank ,Comp,6,6.0,,-99,False,False
R_1lgea30X5yRbWgb,Comp(6),Spaarrekening,spaarrekening,Comp,6,6.0,,-99,False,False
R_1dg0dAPlymYfFcu,Comp(6),de bank,de bank,Comp,6,6.0,de,bank,True,True
R_23TSscPxb3G1aSA,Comp(6),Bank,bank,Comp,6,6.0,,-99,False,False
R_3effdDALVVpFhkK,Comp(6),de bank,de bank,Comp,6,6.0,de,bank,True,True
R_2PpvbvcItA8LcqM,Comp(6),je rekening,je rekening,Comp,6,6.0,je,rekening,False,True
R_25WvorTEPc7DuHX,Comp(6),de bank,de bank,Comp,6,6.0,de,bank,True,True
R_ZJCIt5D6m80Wim5,Comp(6),Een spaarrekening,een spaarrekening,Comp,6,6.0,Een,spaarrekening,False,True
R_6gQpeEEoAOw1CNz,Comp(6),de bank,de bank,Comp,6,6.0,de,bank,True,True
R_UcJP3naTdDXJEDn,Comp(6),De bank,de bank,Comp,6,6.0,De,bank,True,True
R_21pKbw8vqrjpJ4Q,Comp(6),de bank,de bank,Comp,6,6.0,de,bank,True,True
R_1HiWKvIl546M44z,Comp(6),een spaarrekening,een spaarrekening,Comp,6,6.0,een,spaarrekening,False,True
R_BFIiDPrnKiKOhkB,Comp(6),een spaarrekening,een spaarrekening,Comp,6,6.0,een,spaarrekening,False,True
R_232AZeZQOdbRSAK,Comp(6),de bank,de bank,Comp,6,6.0,de,bank,True,True
R_1odMwWpdALe3A7c,Comp(6),de bank,de bank,Comp,6,6.0,de,bank,True,True
R_3CMZ1prTdwstnIi,Comp(6),een spaarrekening,een spaarrekening,Comp,6,6.0,een,spaarrekening,False,True
R_2SDkvNUYWKzQ9b4,Comp(6),de bank,de bank,Comp,6,6.0,de,bank,True,True
R_2qwqWlqovi1EnxK,Comp(6),de bank,de bank,Comp,6,6.0,de,bank,True,True
R_1nSW9rReHHlwpSQ,Comp(6),De bank,de bank,Comp,6,6.0,De,bank,True,True
R_3FPt6NNv7fs4bHV,Comp(6),de bank,de bank,Comp,6,6.0,de,bank,True,True
R_2uOs8d5Okoyss7z,Comp(6),de bank,de bank,Comp,6,6.0,de,bank,True,True
R_1JEdl2aEMuUO63f,Comp(6),de bank,de bank,Comp,6,6.0,de,bank,True,True
R_6L3ln2BoQAzJw2d,Comp(6),de bank,de bank,Comp,6,6.0,de,bank,True,True
R_xAA7goWcKMvmb1D,Comp(6),je rekening,je rekening,Comp,6,6.0,je,rekening,False,True
R_248iCMeSwyLS8sF,Comp(6),de bank,de bank,Comp,6,6.0,de,bank,True,True
R_OING4tGkg3q8VLb,Comp(6),de rekening,de rekening,Comp,6,6.0,de,rekening,True,True
R_3kvbwPackXPANmo,Comp(6),de bank,de bank,Comp,6,6.0,de,bank,True,True
R_3lRiG6M8Z6vKWZh,Comp(6),de bank,de bank,Comp,6,6.0,de,bank,True,True
R_3q9cZ9NJjEx872v,Comp(6),de bank,de bank,Comp,6,6.0,de,bank,True,True
R_ABt8n7PxUqkXqy5,Comp(6),De bank ,de bank ,Comp,6,6.0,,-99,False,False
R_3k6rPDoCD4kup7x,Comp(6),de bank,de bank,Comp,6,6.0,de,bank,True,True
R_p6iBXJstulO97Jn,Comp(6),Een bankrekening,een bankrekening,Comp,6,6.0,Een,bankrekening,False,True
R_USFewLQTXHp0kPT,Comp(6),de bank,de bank,Comp,6,6.0,de,bank,True,True
R_1AeLfMZXZ76HTHz,Comp(7),sd,sd,Comp,7,7.0,,-99,False,False
R_vrAH2qrxu41QSv7,Comp(7),het platteland,het platteland,Comp,7,7.0,het,platteland,True,True
R_6Pg4ql6MQumxZo9,Comp(7),het platteland,het platteland,Comp,7,7.0,het,platteland,True,True
R_1QaBlAsk46HI9NJ,Comp(7),het platteland,het platteland,Comp,7,7.0,het,platteland,True,True
R_pKtuHvEeh5mujgl,Comp(7),het platteland,het platteland,Comp,7,7.0,het,platteland,True,True
R_RrYmeJDnKB3hv7r,Comp(7),het platteland ,het platteland ,Comp,7,7.0,,-99,False,False
R_2alPe2ZkILnzWYp,Comp(7),het platteland,het platteland,Comp,7,7.0,het,platteland,True,True
R_24zMzQY1U9LX5Gf,Comp(7),het platteland,het platteland,Comp,7,7.0,het,platteland,True,True
R_2zAp7MZjWbJtouD,Comp(7),het land,het land,Comp,7,7.0,het,land,True,True
R_1lgea30X5yRbWgb,Comp(7),Platteland,platteland,Comp,7,7.0,,-99,False,False
R_1dg0dAPlymYfFcu,Comp(7),het platteland,het platteland,Comp,7,7.0,het,platteland,True,True
R_23TSscPxb3G1aSA,Comp(7),platteland,platteland,Comp,7,7.0,,-99,False,False
R_3effdDALVVpFhkK,Comp(7),de veluwe,de veluwe,Comp,7,7.0,de,veluwe,True,False
R_2PpvbvcItA8LcqM,Comp(7),het platteland,het platteland,Comp,7,7.0,het,platteland,True,True
R_25WvorTEPc7DuHX,Comp(7),het platteland,het platteland,Comp,7,7.0,het,platteland,True,True
R_ZJCIt5D6m80Wim5,Comp(7),Het platteland,het platteland,Comp,7,7.0,Het,platteland,True,True
R_6gQpeEEoAOw1CNz,Comp(7),het platteland,het platteland,Comp,7,7.0,het,platteland,True,True
R_UcJP3naTdDXJEDn,Comp(7),Het platteland ,het platteland ,Comp,7,7.0,,-99,False,False
R_21pKbw8vqrjpJ4Q,Comp(7),het platteland,het platteland,Comp,7,7.0,het,platteland,True,True
R_1HiWKvIl546M44z,Comp(7),de plaatsen,de plaatsen,Comp,7,7.0,de,plaatsen,True,True
R_BFIiDPrnKiKOhkB,Comp(7),GI,gi,Comp,7,7.0,,-99,False,False
R_232AZeZQOdbRSAK,Comp(7),het platteland,het platteland,Comp,7,7.0,het,platteland,True,True
R_1odMwWpdALe3A7c,Comp(7),het platteland,het platteland,Comp,7,7.0,het,platteland,True,True
R_3CMZ1prTdwstnIi,Comp(7),het platteland,het platteland,Comp,7,7.0,het,platteland,True,True
R_2SDkvNUYWKzQ9b4,Comp(7),het platteland,het platteland,Comp,7,7.0,het,platteland,True,True
R_2qwqWlqovi1EnxK,Comp(7),het platteland,het platteland,Comp,7,7.0,het,platteland,True,True
R_1nSW9rReHHlwpSQ,Comp(7),Het platteland ,het platteland ,Comp,7,7.0,,-99,False,False
R_3FPt6NNv7fs4bHV,Comp(7),het platteland,het platteland,Comp,7,7.0,het,platteland,True,True
R_2uOs8d5Okoyss7z,Comp(7),het platteland ,het platteland ,Comp,7,7.0,,-99,False,False
R_1JEdl2aEMuUO63f,Comp(7),het platteland,het platteland,Comp,7,7.0,het,platteland,True,True
R_6L3ln2BoQAzJw2d,Comp(7),het platteland,het platteland,Comp,7,7.0,het,platteland,True,True
R_xAA7goWcKMvmb1D,Comp(7),het platteland,het platteland,Comp,7,7.0,het,platteland,True,True
R_248iCMeSwyLS8sF,Comp(7),het boerengat,het boerengat,Comp,7,7.0,het,boerengat,True,True
R_OING4tGkg3q8VLb,Comp(7),een land,een land,Comp,7,7.0,een,land,False,True
R_3kvbwPackXPANmo,Comp(7),het platteland,het platteland,Comp,7,7.0,het,platteland,True,True
R_3lRiG6M8Z6vKWZh,Comp(7),het platteland,het platteland,Comp,7,7.0,het,platteland,True,True
R_3q9cZ9NJjEx872v,Comp(7),het platteland,het platteland,Comp,7,7.0,het,platteland,True,True
R_ABt8n7PxUqkXqy5,Comp(7),Het platteland ,het platteland ,Comp,7,7.0,,-99,False,False
R_3k6rPDoCD4kup7x,Comp(7),het platteland,het platteland,Comp,7,7.0,het,platteland,True,True
R_p6iBXJstulO97Jn,Comp(7),Het platteland,het platteland,Comp,7,7.0,Het,platteland,True,True
R_USFewLQTXHp0kPT,Comp(7),het platteland,het platteland,Comp,7,7.0,het,platteland,True,True
R_1AeLfMZXZ76HTHz,Comp(8),sd,sd,Comp,8,8.0,,-99,False,False
R_vrAH2qrxu41QSv7,Comp(8),de koelkast,de koelkast,Comp,8,8.0,de,koelkast,True,True
R_6Pg4ql6MQumxZo9,Comp(8),de koelkast,de koelkast,Comp,8,8.0,de,koelkast,True,True
R_1QaBlAsk46HI9NJ,Comp(8),de koelkast,de koelkast,Comp,8,8.0,de,koelkast,True,True
R_pKtuHvEeh5mujgl,Comp(8),de koelkast,de koelkast,Comp,8,8.0,de,koelkast,True,True
R_RrYmeJDnKB3hv7r,Comp(8),de koelkast ,de koelkast ,Comp,8,8.0,,-99,False,False
R_2alPe2ZkILnzWYp,Comp(8),de koelkast,de koelkast,Comp,8,8.0,de,koelkast,True,True
R_24zMzQY1U9LX5Gf,Comp(8),koelkast,koelkast,Comp,8,8.0,,-99,False,False
R_2zAp7MZjWbJtouD,Comp(8),de koelkast ,de koelkast ,Comp,8,8.0,,-99,False,False
R_1lgea30X5yRbWgb,Comp(8),Koelkast,koelkast,Comp,8,8.0,,-99,False,False
R_1dg0dAPlymYfFcu,Comp(8),de koelkast,de koelkast,Comp,8,8.0,de,koelkast,True,True
R_23TSscPxb3G1aSA,Comp(8),koelkast,koelkast,Comp,8,8.0,,-99,False,False
R_3effdDALVVpFhkK,Comp(8),de koelkast,de koelkast,Comp,8,8.0,de,koelkast,True,True
R_2PpvbvcItA8LcqM,Comp(8),de koelkast,de koelkast,Comp,8,8.0,de,koelkast,True,True
R_25WvorTEPc7DuHX,Comp(8),de koelkast,de koelkast,Comp,8,8.0,de,koelkast,True,True
R_ZJCIt5D6m80Wim5,Comp(8),De koelkast,de koelkast,Comp,8,8.0,De,koelkast,True,True
R_6gQpeEEoAOw1CNz,Comp(8),de koelkast,de koelkast,Comp,8,8.0,de,koelkast,True,True
R_UcJP3naTdDXJEDn,Comp(8),De koelkast ,de koelkast ,Comp,8,8.0,,-99,False,False
R_21pKbw8vqrjpJ4Q,Comp(8),de koelkast,de koelkast,Comp,8,8.0,de,koelkast,True,True
R_1HiWKvIl546M44z,Comp(8),de koelkast,de koelkast,Comp,8,8.0,de,koelkast,True,True
R_BFIiDPrnKiKOhkB,Comp(8),de koelkast ,de koelkast ,Comp,8,8.0,,-99,False,False
R_232AZeZQOdbRSAK,Comp(8),de koelkast,de koelkast,Comp,8,8.0,de,koelkast,True,True
R_1odMwWpdALe3A7c,Comp(8),de koelkast,de koelkast,Comp,8,8.0,de,koelkast,True,True
R_3CMZ1prTdwstnIi,Comp(8),de koelkast ,de koelkast ,Comp,8,8.0,,-99,False,False
R_2SDkvNUYWKzQ9b4,Comp(8),de koelkast,de koelkast,Comp,8,8.0,de,koelkast,True,True
R_2qwqWlqovi1EnxK,Comp(8),de koelkast,de koelkast,Comp,8,8.0,de,koelkast,True,True
R_1nSW9rReHHlwpSQ,Comp(8),De koelkast ,de koelkast ,Comp,8,8.0,,-99,False,False
R_3FPt6NNv7fs4bHV,Comp(8),de koelkast,de koelkast,Comp,8,8.0,de,koelkast,True,True
R_2uOs8d5Okoyss7z,Comp(8),de koelkast,de koelkast,Comp,8,8.0,de,koelkast,True,True
R_1JEdl2aEMuUO63f,Comp(8),de koelkast,de koelkast,Comp,8,8.0,de,koelkast,True,True
R_6L3ln2BoQAzJw2d,Comp(8),de koelkast,de koelkast,Comp,8,8.0,de,koelkast,True,True
R_xAA7goWcKMvmb1D,Comp(8),de koelkast,de koelkast,Comp,8,8.0,de,koelkast,True,True
R_248iCMeSwyLS8sF,Comp(8),de koelkast,de koelkast,Comp,8,8.0,de,koelkast,True,True
R_OING4tGkg3q8VLb,Comp(8),de koelkast,de koelkast,Comp,8,8.0,de,koelkast,True,True
R_3kvbwPackXPANmo,Comp(8),de koelkast,de koelkast,Comp,8,8.0,de,koelkast,True,True
R_3lRiG6M8Z6vKWZh,Comp(8),de koelkast,de koelkast,Comp,8,8.0,de,koelkast,True,True
R_3q9cZ9NJjEx872v,Comp(8),de koelkast,de koelkast,Comp,8,8.0,de,koelkast,True,True
R_ABt8n7PxUqkXqy5,Comp(8),De koelkast,de koelkast,Comp,8,8.0,De,koelkast,True,True
R_3k6rPDoCD4kup7x,Comp(8),de koelkast,de koelkast,Comp,8,8.0,de,koelkast,True,True
R_p6iBXJstulO97Jn,Comp(8),de koelkast,de koelkast,Comp,8,8.0,de,koelkast,True,True
R_USFewLQTXHp0kPT,Comp(8),de koelkast,de koelkast,Comp,8,8.0,de,koelkast,True,True
R_1AeLfMZXZ76HTHz,Comp(9),sd,sd,Comp,9,9.0,,-99,False,False
R_vrAH2qrxu41QSv7,Comp(9),de vorken,de vorken,Comp,9,9.0,de,vorken,True,True
R_6Pg4ql6MQumxZo9,Comp(9),het bestek,het bestek,Comp,9,9.0,het,bestek,True,True
R_1QaBlAsk46HI9NJ,Comp(9),het bestek,het bestek,Comp,9,9.0,het,bestek,True,True
R_pKtuHvEeh5mujgl,Comp(9),het bestek,het bestek,Comp,9,9.0,het,bestek,True,True
R_RrYmeJDnKB3hv7r,Comp(9),het bestek,het bestek,Comp,9,9.0,het,bestek,True,True
R_2alPe2ZkILnzWYp,Comp(9),het bestek,het bestek,Comp,9,9.0,het,bestek,True,True
R_24zMzQY1U9LX5Gf,Comp(9),het bestek,het bestek,Comp,9,9.0,het,bestek,True,True
R_2zAp7MZjWbJtouD,Comp(9),het bestek,het bestek,Comp,9,9.0,het,bestek,True,True
R_1lgea30X5yRbWgb,Comp(9),Bestek,bestek,Comp,9,9.0,,-99,False,False
R_1dg0dAPlymYfFcu,Comp(9),het bestek,het bestek,Comp,9,9.0,het,bestek,True,True
R_23TSscPxb3G1aSA,Comp(9),bestek,bestek,Comp,9,9.0,,-99,False,False
R_3effdDALVVpFhkK,Comp(9),het bestek ,het bestek ,Comp,9,9.0,,-99,False,False
R_2PpvbvcItA8LcqM,Comp(9),het bestek,het bestek,Comp,9,9.0,het,bestek,True,True
R_25WvorTEPc7DuHX,Comp(9),het bestek,het bestek,Comp,9,9.0,het,bestek,True,True
R_ZJCIt5D6m80Wim5,Comp(9),Het bestek,het bestek,Comp,9,9.0,Het,bestek,True,True
R_6gQpeEEoAOw1CNz,Comp(9),een opscheplepel,een opscheplepel,Comp,9,9.0,een,opscheplepel,False,True
R_UcJP3naTdDXJEDn,Comp(9),Het bestek,het bestek,Comp,9,9.0,Het,bestek,True,True
R_21pKbw8vqrjpJ4Q,Comp(9),het bestek,het bestek,Comp,9,9.0,het,bestek,True,True
R_1HiWKvIl546M44z,Comp(9),het bestek,het bestek,Comp,9,9.0,het,bestek,True,True
R_BFIiDPrnKiKOhkB,Comp(9),het bestek,het bestek,Comp,9,9.0,het,bestek,True,True
R_232AZeZQOdbRSAK,Comp(9),het bestek,het bestek,Comp,9,9.0,het,bestek,True,True
R_1odMwWpdALe3A7c,Comp(9),het bestek,het bestek,Comp,9,9.0,het,bestek,True,True
R_3CMZ1prTdwstnIi,Comp(9),bestek ,bestek ,Comp,9,9.0,,-99,False,False
R_2SDkvNUYWKzQ9b4,Comp(9),het bestek,het bestek,Comp,9,9.0,het,bestek,True,True
R_2qwqWlqovi1EnxK,Comp(9),het bestek,het bestek,Comp,9,9.0,het,bestek,True,True
R_1nSW9rReHHlwpSQ,Comp(9),Het bestek,het bestek,Comp,9,9.0,Het,bestek,True,True
R_3FPt6NNv7fs4bHV,Comp(9),het bestek,het bestek,Comp,9,9.0,het,bestek,True,True
R_2uOs8d5Okoyss7z,Comp(9),het bestek,het bestek,Comp,9,9.0,het,bestek,True,True
R_1JEdl2aEMuUO63f,Comp(9),het bestek,het bestek,Comp,9,9.0,het,bestek,True,True
R_6L3ln2BoQAzJw2d,Comp(9),het bestek,het bestek,Comp,9,9.0,het,bestek,True,True
R_xAA7goWcKMvmb1D,Comp(9),het bestek,het bestek,Comp,9,9.0,het,bestek,True,True
R_248iCMeSwyLS8sF,Comp(9),het bestek,het bestek,Comp,9,9.0,het,bestek,True,True
R_OING4tGkg3q8VLb,Comp(9),het bestek,het bestek,Comp,9,9.0,het,bestek,True,True
R_3kvbwPackXPANmo,Comp(9),het bestek,het bestek,Comp,9,9.0,het,bestek,True,True
R_3lRiG6M8Z6vKWZh,Comp(9),het bestek,het bestek,Comp,9,9.0,het,bestek,True,True
R_3q9cZ9NJjEx872v,Comp(9),het bestek,het bestek,Comp,9,9.0,het,bestek,True,True
R_ABt8n7PxUqkXqy5,Comp(9),Het bestek,het bestek,Comp,9,9.0,Het,bestek,True,True
R_3k6rPDoCD4kup7x,Comp(9),het bestek,het bestek,Comp,9,9.0,het,bestek,True,True
R_p6iBXJstulO97Jn,Comp(9),Het bestek,het bestek,Comp,9,9.0,Het,bestek,True,True
R_USFewLQTXHp0kPT,Comp(9),het bestek,het bestek,Comp,9,9.0,het,bestek,True,True
R_1AeLfMZXZ76HTHz,Comp(10),sd,sd,Comp,10,10.0,,-99,False,False
R_vrAH2qrxu41QSv7,Comp(10),de dierenartd,de dierenartd,Comp,10,10.0,de,dierenartd,True,False
R_6Pg4ql6MQumxZo9,Comp(10),de dokter,de dokter,Comp,10,10.0,de,dokter,True,True
R_1QaBlAsk46HI9NJ,Comp(10),de dierenarts,de dierenarts,Comp,10,10.0,de,dierenarts,True,True
R_pKtuHvEeh5mujgl,Comp(10),de dierenarts,de dierenarts,Comp,10,10.0,de,dierenarts,True,True
R_RrYmeJDnKB3hv7r,Comp(10),de dierenarts,de dierenarts,Comp,10,10.0,de,dierenarts,True,True
R_2alPe2ZkILnzWYp,Comp(10),de dierenarts,de dierenarts,Comp,10,10.0,de,dierenarts,True,True
R_24zMzQY1U9LX5Gf,Comp(10),de dierenarts,de dierenarts,Comp,10,10.0,de,dierenarts,True,True
R_2zAp7MZjWbJtouD,Comp(10),de dierenarts,de dierenarts,Comp,10,10.0,de,dierenarts,True,True
R_1lgea30X5yRbWgb,Comp(10),Dierenarts,dierenarts,Comp,10,10.0,,-99,False,False
R_1dg0dAPlymYfFcu,Comp(10),de dierenarts,de dierenarts,Comp,10,10.0,de,dierenarts,True,True
R_23TSscPxb3G1aSA,Comp(10),dierenarts,dierenarts,Comp,10,10.0,,-99,False,False
R_3effdDALVVpFhkK,Comp(10),de dierenarts ,de dierenarts ,Comp,10,10.0,,-99,False,False
R_2PpvbvcItA8LcqM,Comp(10),de dierenarts,de dierenarts,Comp,10,10.0,de,dierenarts,True,True
R_25WvorTEPc7DuHX,Comp(10),de dierenarts,de dierenarts,Comp,10,10.0,de,dierenarts,True,True
R_ZJCIt5D6m80Wim5,Comp(10),De dierenarts,de dierenarts,Comp,10,10.0,De,dierenarts,True,True
R_6gQpeEEoAOw1CNz,Comp(10),de dierenarts,de dierenarts,Comp,10,10.0,de,dierenarts,True,True
R_UcJP3naTdDXJEDn,Comp(10),De dierenarts ,de dierenarts ,Comp,10,10.0,,-99,False,False
R_21pKbw8vqrjpJ4Q,Comp(10),de dierenarts,de dierenarts,Comp,10,10.0,de,dierenarts,True,True
R_1HiWKvIl546M44z,Comp(10),de dierenarts,de dierenarts,Comp,10,10.0,de,dierenarts,True,True
R_BFIiDPrnKiKOhkB,Comp(10),de dierenarts,de dierenarts,Comp,10,10.0,de,dierenarts,True,True
R_232AZeZQOdbRSAK,Comp(10),de dierenarts,de dierenarts,Comp,10,10.0,de,dierenarts,True,True
R_1odMwWpdALe3A7c,Comp(10),de dierenarts,de dierenarts,Comp,10,10.0,de,dierenarts,True,True
R_3CMZ1prTdwstnIi,Comp(10),de dierenarts ,de dierenarts ,Comp,10,10.0,,-99,False,False
R_2SDkvNUYWKzQ9b4,Comp(10),de dierenarts,de dierenarts,Comp,10,10.0,de,dierenarts,True,True
R_2qwqWlqovi1EnxK,Comp(10),de dierendokter,de dierendokter,Comp,10,10.0,de,dierendokter,True,False
R_1nSW9rReHHlwpSQ,Comp(10),De dierenarts,de dierenarts,Comp,10,10.0,De,dierenarts,True,True
R_3FPt6NNv7fs4bHV,Comp(10),de dierenarts,de dierenarts,Comp,10,10.0,de,dierenarts,True,True
R_2uOs8d5Okoyss7z,Comp(10),de dierenarts,de dierenarts,Comp,10,10.0,de,dierenarts,True,True
R_1JEdl2aEMuUO63f,Comp(10),de dierenarts,de dierenarts,Comp,10,10.0,de,dierenarts,True,True
R_6L3ln2BoQAzJw2d,Comp(10),de dierenarts,de dierenarts,Comp,10,10.0,de,dierenarts,True,True
R_xAA7goWcKMvmb1D,Comp(10),de dierenarts,de dierenarts,Comp,10,10.0,de,dierenarts,True,True
R_248iCMeSwyLS8sF,Comp(10),het asiel,het asiel,Comp,10,10.0,het,asiel,True,True
R_OING4tGkg3q8VLb,Comp(10),de dierenklinik,de dierenklinik,Comp,10,10.0,de,dierenklinik,True,False
R_3kvbwPackXPANmo,Comp(10),de dierenarts,de dierenarts,Comp,10,10.0,de,dierenarts,True,True
R_3lRiG6M8Z6vKWZh,Comp(10),de dierenarts,de dierenarts,Comp,10,10.0,de,dierenarts,True,True
R_3q9cZ9NJjEx872v,Comp(10),de dierenarts,de dierenarts,Comp,10,10.0,de,dierenarts,True,True
R_ABt8n7PxUqkXqy5,Comp(10),De dierenarts,de dierenarts,Comp,10,10.0,De,dierenarts,True,True
R_3k6rPDoCD4kup7x,Comp(10),de dierenarts,de dierenarts,Comp,10,10.0,de,dierenarts,True,True
R_p6iBXJstulO97Jn,Comp(10),De dierenarts,de dierenarts,Comp,10,10.0,De,dierenarts,True,True
R_USFewLQTXHp0kPT,Comp(10),de dierenarts,de dierenarts,Comp,10,10.0,de,dierenarts,True,True
R_1AeLfMZXZ76HTHz,Comp(11),sd,sd,Comp,11,11.0,,-99,False,False
R_vrAH2qrxu41QSv7,Comp(11),de gevangenis,de gevangenis,Comp,11,11.0,de,gevangenis,True,True
R_6Pg4ql6MQumxZo9,Comp(11),een gevangenis,een gevangenis,Comp,11,11.0,een,gevangenis,False,True
R_1QaBlAsk46HI9NJ,Comp(11),de gevangenis,de gevangenis,Comp,11,11.0,de,gevangenis,True,True
R_pKtuHvEeh5mujgl,Comp(11),de gevangenis,de gevangenis,Comp,11,11.0,de,gevangenis,True,True
R_RrYmeJDnKB3hv7r,Comp(11),de gevangenis,de gevangenis,Comp,11,11.0,de,gevangenis,True,True
R_2alPe2ZkILnzWYp,Comp(11),de gevangenis,de gevangenis,Comp,11,11.0,de,gevangenis,True,True
R_24zMzQY1U9LX5Gf,Comp(11),de gevangenis,de gevangenis,Comp,11,11.0,de,gevangenis,True,True
R_2zAp7MZjWbJtouD,Comp(11),de gevangenis,de gevangenis,Comp,11,11.0,de,gevangenis,True,True
R_1lgea30X5yRbWgb,Comp(11),Gevangenis,gevangenis,Comp,11,11.0,,-99,False,False
R_1dg0dAPlymYfFcu,Comp(11),de gevangenis,de gevangenis,Comp,11,11.0,de,gevangenis,True,True
R_23TSscPxb3G1aSA,Comp(11),gevangenis,gevangenis,Comp,11,11.0,,-99,False,False
R_3effdDALVVpFhkK,Comp(11),de gevangenis ,de gevangenis ,Comp,11,11.0,,-99,False,False
R_2PpvbvcItA8LcqM,Comp(11),de gevangenis,de gevangenis,Comp,11,11.0,de,gevangenis,True,True
R_25WvorTEPc7DuHX,Comp(11),de gevangenis,de gevangenis,Comp,11,11.0,de,gevangenis,True,True
R_ZJCIt5D6m80Wim5,Comp(11),De gevangenis,de gevangenis,Comp,11,11.0,De,gevangenis,True,True
R_6gQpeEEoAOw1CNz,Comp(11),de gevangenis,de gevangenis,Comp,11,11.0,de,gevangenis,True,True
R_UcJP3naTdDXJEDn,Comp(11),De gevangenis ,de gevangenis ,Comp,11,11.0,,-99,False,False
R_21pKbw8vqrjpJ4Q,Comp(11),de gevangenis,de gevangenis,Comp,11,11.0,de,gevangenis,True,True
R_1HiWKvIl546M44z,Comp(11),de gevangenis,de gevangenis,Comp,11,11.0,de,gevangenis,True,True
R_BFIiDPrnKiKOhkB,Comp(11),de gevangenis,de gevangenis,Comp,11,11.0,de,gevangenis,True,True
R_232AZeZQOdbRSAK,Comp(11),de gevangenis,de gevangenis,Comp,11,11.0,de,gevangenis,True,True
R_1odMwWpdALe3A7c,Comp(11),de gevangenis,de gevangenis,Comp,11,11.0,de,gevangenis,True,True
R_3CMZ1prTdwstnIi,Comp(11),de gevangenis,de gevangenis,Comp,11,11.0,de,gevangenis,True,True
R_2SDkvNUYWKzQ9b4,Comp(11),de gevangenis,de gevangenis,Comp,11,11.0,de,gevangenis,True,True
R_2qwqWlqovi1EnxK,Comp(11),de gevangenis,de gevangenis,Comp,11,11.0,de,gevangenis,True,True
R_1nSW9rReHHlwpSQ,Comp(11),De gevangenis ,de gevangenis ,Comp,11,11.0,,-99,False,False
R_3FPt6NNv7fs4bHV,Comp(11),de gevangenis,de gevangenis,Comp,11,11.0,de,gevangenis,True,True
R_2uOs8d5Okoyss7z,Comp(11),de gevangenis ,de gevangenis ,Comp,11,11.0,,-99,False,False
R_1JEdl2aEMuUO63f,Comp(11),de gevangenis,de gevangenis,Comp,11,11.0,de,gevangenis,True,True
R_6L3ln2BoQAzJw2d,Comp(11),de gevangenis,de gevangenis,Comp,11,11.0,de,gevangenis,True,True
R_xAA7goWcKMvmb1D,Comp(11),de gevangenis,de gevangenis,Comp,11,11.0,de,gevangenis,True,True
R_248iCMeSwyLS8sF,Comp(11),de gevangenis,de gevangenis,Comp,11,11.0,de,gevangenis,True,True
R_OING4tGkg3q8VLb,Comp(11),de gevangenis,de gevangenis,Comp,11,11.0,de,gevangenis,True,True
R_3kvbwPackXPANmo,Comp(11),de gevangenis,de gevangenis,Comp,11,11.0,de,gevangenis,True,True
R_3lRiG6M8Z6vKWZh,Comp(11),de gevangenis,de gevangenis,Comp,11,11.0,de,gevangenis,True,True
R_3q9cZ9NJjEx872v,Comp(11),de gevangenis,de gevangenis,Comp,11,11.0,de,gevangenis,True,True
R_ABt8n7PxUqkXqy5,Comp(11),De gevangenis ,de gevangenis ,Comp,11,11.0,,-99,False,False
R_3k6rPDoCD4kup7x,Comp(11),de gevangenis,de gevangenis,Comp,11,11.0,de,gevangenis,True,True
R_p6iBXJstulO97Jn,Comp(11),de gevangenis,de gevangenis,Comp,11,11.0,de,gevangenis,True,True
R_USFewLQTXHp0kPT,Comp(11),de gevangenis,de gevangenis,Comp,11,11.0,de,gevangenis,True,True
R_1AeLfMZXZ76HTHz,Comp(12),sd,sd,Comp,12,12.0,,-99,False,False
R_vrAH2qrxu41QSv7,Comp(12),de economie,de economie,Comp,12,12.0,de,economie,True,True
R_6Pg4ql6MQumxZo9,Comp(12),de economie,de economie,Comp,12,12.0,de,economie,True,True
R_1QaBlAsk46HI9NJ,Comp(12),de economie,de economie,Comp,12,12.0,de,economie,True,True
R_pKtuHvEeh5mujgl,Comp(12),de economie,de economie,Comp,12,12.0,de,economie,True,True
R_RrYmeJDnKB3hv7r,Comp(12),de economie ,de economie ,Comp,12,12.0,,-99,False,False
R_2alPe2ZkILnzWYp,Comp(12),de economie,de economie,Comp,12,12.0,de,economie,True,True
R_24zMzQY1U9LX5Gf,Comp(12),de ecnonomie,de ecnonomie,Comp,12,12.0,de,ecnonomie,True,False
R_2zAp7MZjWbJtouD,Comp(12),de economie ,de economie ,Comp,12,12.0,,-99,False,False
R_1lgea30X5yRbWgb,Comp(12),Economie ,economie ,Comp,12,12.0,,-99,False,False
R_1dg0dAPlymYfFcu,Comp(12),de economie,de economie,Comp,12,12.0,de,economie,True,True
R_23TSscPxb3G1aSA,Comp(12),economie,economie,Comp,12,12.0,,-99,False,False
R_3effdDALVVpFhkK,Comp(12),de economie ,de economie ,Comp,12,12.0,,-99,False,False
R_2PpvbvcItA8LcqM,Comp(12),de econimie,de econimie,Comp,12,12.0,de,econimie,True,False
R_25WvorTEPc7DuHX,Comp(12),de economie,de economie,Comp,12,12.0,de,economie,True,True
R_ZJCIt5D6m80Wim5,Comp(12),De economie,de economie,Comp,12,12.0,De,economie,True,True
R_6gQpeEEoAOw1CNz,Comp(12),het welzijn,het welzijn,Comp,12,12.0,het,welzijn,True,True
R_UcJP3naTdDXJEDn,Comp(12),De economie ,de economie ,Comp,12,12.0,,-99,False,False
R_21pKbw8vqrjpJ4Q,Comp(12),de economie,de economie,Comp,12,12.0,de,economie,True,True
R_1HiWKvIl546M44z,Comp(12),de economie,de economie,Comp,12,12.0,de,economie,True,True
R_BFIiDPrnKiKOhkB,Comp(12),de economie,de economie,Comp,12,12.0,de,economie,True,True
R_232AZeZQOdbRSAK,Comp(12),de economie,de economie,Comp,12,12.0,de,economie,True,True
R_1odMwWpdALe3A7c,Comp(12),de economie,de economie,Comp,12,12.0,de,economie,True,True
R_3CMZ1prTdwstnIi,Comp(12),de economie ,de economie ,Comp,12,12.0,,-99,False,False
R_2SDkvNUYWKzQ9b4,Comp(12),de economie,de economie,Comp,12,12.0,de,economie,True,True
R_2qwqWlqovi1EnxK,Comp(12),de economie,de economie,Comp,12,12.0,de,economie,True,True
R_1nSW9rReHHlwpSQ,Comp(12),De economie ,de economie ,Comp,12,12.0,,-99,False,False
R_3FPt6NNv7fs4bHV,Comp(12),de economie,de economie,Comp,12,12.0,de,economie,True,True
R_2uOs8d5Okoyss7z,Comp(12),de economie ,de economie ,Comp,12,12.0,,-99,False,False
R_1JEdl2aEMuUO63f,Comp(12),de economie,de economie,Comp,12,12.0,de,economie,True,True
R_6L3ln2BoQAzJw2d,Comp(12),de economie,de economie,Comp,12,12.0,de,economie,True,True
R_xAA7goWcKMvmb1D,Comp(12),de economie,de economie,Comp,12,12.0,de,economie,True,True
R_248iCMeSwyLS8sF,Comp(12),de economie,de economie,Comp,12,12.0,de,economie,True,True
R_OING4tGkg3q8VLb,Comp(12),de econimie,de econimie,Comp,12,12.0,de,econimie,True,False
R_3kvbwPackXPANmo,Comp(12),de economie,de economie,Comp,12,12.0,de,economie,True,True
R_3lRiG6M8Z6vKWZh,Comp(12),de economie,de economie,Comp,12,12.0,de,economie,True,True
R_3q9cZ9NJjEx872v,Comp(12),de economie,de economie,Comp,12,12.0,de,economie,True,True
R_ABt8n7PxUqkXqy5,Comp(12),De economie,de economie,Comp,12,12.0,De,economie,True,True
R_3k6rPDoCD4kup7x,Comp(12),de economie,de economie,Comp,12,12.0,de,economie,True,True
R_p6iBXJstulO97Jn,Comp(12),de economie,de economie,Comp,12,12.0,de,economie,True,True
R_USFewLQTXHp0kPT,Comp(12),de economie,de economie,Comp,12,12.0,de,economie,True,True
R_1AeLfMZXZ76HTHz,Comp(13),sd,sd,Comp,13,13.0,,-99,False,False
R_vrAH2qrxu41QSv7,Comp(13),De schoorsteen,de schoorsteen,Comp,13,13.0,De,schoorsteen,True,True
R_6Pg4ql6MQumxZo9,Comp(13),de schoorsteen,de schoorsteen,Comp,13,13.0,de,schoorsteen,True,True
R_1QaBlAsk46HI9NJ,Comp(13),de schoorsteen,de schoorsteen,Comp,13,13.0,de,schoorsteen,True,True
R_pKtuHvEeh5mujgl,Comp(13),de schoorsteen,de schoorsteen,Comp,13,13.0,de,schoorsteen,True,True
R_RrYmeJDnKB3hv7r,Comp(13),de schoorsteen,de schoorsteen,Comp,13,13.0,de,schoorsteen,True,True
R_2alPe2ZkILnzWYp,Comp(13),de schoorsteen,de schoorsteen,Comp,13,13.0,de,schoorsteen,True,True
R_24zMzQY1U9LX5Gf,Comp(13),de schoorsteen,de schoorsteen,Comp,13,13.0,de,schoorsteen,True,True
R_2zAp7MZjWbJtouD,Comp(13),de schoorsteen,de schoorsteen,Comp,13,13.0,de,schoorsteen,True,True
R_1lgea30X5yRbWgb,Comp(13),Schoorsteen,schoorsteen,Comp,13,13.0,,-99,False,False
R_1dg0dAPlymYfFcu,Comp(13),de schoorsteen,de schoorsteen,Comp,13,13.0,de,schoorsteen,True,True
R_23TSscPxb3G1aSA,Comp(13),schoorsteen,schoorsteen,Comp,13,13.0,,-99,False,False
R_3effdDALVVpFhkK,Comp(13),de achtertuin ,de achtertuin ,Comp,13,13.0,,-99,False,False
R_2PpvbvcItA8LcqM,Comp(13),de schoorsteen,de schoorsteen,Comp,13,13.0,de,schoorsteen,True,True
R_25WvorTEPc7DuHX,Comp(13),de schoorsteen,de schoorsteen,Comp,13,13.0,de,schoorsteen,True,True
R_ZJCIt5D6m80Wim5,Comp(13),De schoorsteen,de schoorsteen,Comp,13,13.0,De,schoorsteen,True,True
R_6gQpeEEoAOw1CNz,Comp(13),de schoorsteen,de schoorsteen,Comp,13,13.0,de,schoorsteen,True,True
R_UcJP3naTdDXJEDn,Comp(13),De schoorsteen ,de schoorsteen ,Comp,13,13.0,,-99,False,False
R_21pKbw8vqrjpJ4Q,Comp(13),de schoorsteen,de schoorsteen,Comp,13,13.0,de,schoorsteen,True,True
R_1HiWKvIl546M44z,Comp(13),de schoorsteen,de schoorsteen,Comp,13,13.0,de,schoorsteen,True,True
R_BFIiDPrnKiKOhkB,Comp(13),de schoorsteen,de schoorsteen,Comp,13,13.0,de,schoorsteen,True,True
R_232AZeZQOdbRSAK,Comp(13),de schoorsteen,de schoorsteen,Comp,13,13.0,de,schoorsteen,True,True
R_1odMwWpdALe3A7c,Comp(13),de schoorsteen,de schoorsteen,Comp,13,13.0,de,schoorsteen,True,True
R_3CMZ1prTdwstnIi,Comp(13),de schoorsteen,de schoorsteen,Comp,13,13.0,de,schoorsteen,True,True
R_2SDkvNUYWKzQ9b4,Comp(13),de schoorsteen,de schoorsteen,Comp,13,13.0,de,schoorsteen,True,True
R_2qwqWlqovi1EnxK,Comp(13),de schoorsteen,de schoorsteen,Comp,13,13.0,de,schoorsteen,True,True
R_1nSW9rReHHlwpSQ,Comp(13),De schoorsteen ,de schoorsteen ,Comp,13,13.0,,-99,False,False
R_3FPt6NNv7fs4bHV,Comp(13),de schoorsteen,de schoorsteen,Comp,13,13.0,de,schoorsteen,True,True
R_2uOs8d5Okoyss7z,Comp(13),de schoorsteen,de schoorsteen,Comp,13,13.0,de,schoorsteen,True,True
R_1JEdl2aEMuUO63f,Comp(13),de schoorsteen,de schoorsteen,Comp,13,13.0,de,schoorsteen,True,True
R_6L3ln2BoQAzJw2d,Comp(13),de schoorsteen,de schoorsteen,Comp,13,13.0,de,schoorsteen,True,True
R_xAA7goWcKMvmb1D,Comp(13),de schoorsteen,de schoorsteen,Comp,13,13.0,de,schoorsteen,True,True
R_248iCMeSwyLS8sF,Comp(13),de schoorsteen,de schoorsteen,Comp,13,13.0,de,schoorsteen,True,True
R_OING4tGkg3q8VLb,Comp(13),de schoorsteen,de schoorsteen,Comp,13,13.0,de,schoorsteen,True,True
R_3kvbwPackXPANmo,Comp(13),de schoorsteen,de schoorsteen,Comp,13,13.0,de,schoorsteen,True,True
R_3lRiG6M8Z6vKWZh,Comp(13),de schoorsteen,de schoorsteen,Comp,13,13.0,de,schoorsteen,True,True
R_3q9cZ9NJjEx872v,Comp(13),de schoorsteen,de schoorsteen,Comp,13,13.0,de,schoorsteen,True,True
R_ABt8n7PxUqkXqy5,Comp(13),De schoorsteen ,de schoorsteen ,Comp,13,13.0,,-99,False,False
R_3k6rPDoCD4kup7x,Comp(13),de schoorsteen,de schoorsteen,Comp,13,13.0,de,schoorsteen,True,True
R_p6iBXJstulO97Jn,Comp(13),de schoorsteen,de schoorsteen,Comp,13,13.0,de,schoorsteen,True,True
R_USFewLQTXHp0kPT,Comp(13),de schoorsteen,de schoorsteen,Comp,13,13.0,de,schoorsteen,True,True
R_1AeLfMZXZ76HTHz,Comp(14),sd,sd,Comp,14,,,-99,False,False
R_vrAH2qrxu41QSv7,Comp(14),het geld,het geld,Comp,14,,het,geld,True,True
R_6Pg4ql6MQumxZo9,Comp(14),het geld,het geld,Comp,14,,het,geld,True,True
R_1QaBlAsk46HI9NJ,Comp(14),het geld,het geld,Comp,14,,het,geld,True,True
R_pKtuHvEeh5mujgl,Comp(14),het geld,het geld,Comp,14,,het,geld,True,True
R_RrYmeJDnKB3hv7r,Comp(14),het geld,het geld,Comp,14,,het,geld,True,True
R_2alPe2ZkILnzWYp,Comp(14),het geld,het geld,Comp,14,,het,geld,True,True
R_24zMzQY1U9LX5Gf,Comp(14),het geld,het geld,Comp,14,,het,geld,True,True
R_2zAp7MZjWbJtouD,Comp(14),het geld ,het geld ,Comp,14,,,-99,False,False
R_1lgea30X5yRbWgb,Comp(14),Geld,geld,Comp,14,,,-99,False,False
R_1dg0dAPlymYfFcu,Comp(14),het geld,het geld,Comp,14,,het,geld,True,True
R_23TSscPxb3G1aSA,Comp(14),geld,geld,Comp,14,,,-99,False,False
R_3effdDALVVpFhkK,Comp(14),de kas,de kas,Comp,14,,de,kas,True,True
R_2PpvbvcItA8LcqM,Comp(14),de geldla,de geldla,Comp,14,,de,geldla,True,True
R_25WvorTEPc7DuHX,Comp(14),het geld,het geld,Comp,14,,het,geld,True,True
R_ZJCIt5D6m80Wim5,Comp(14),De inhoud,de inhoud,Comp,14,,De,inhoud,True,True
R_6gQpeEEoAOw1CNz,Comp(14),het geld ,het geld ,Comp,14,,,-99,False,False
R_UcJP3naTdDXJEDn,Comp(14),De inhoud ,de inhoud ,Comp,14,,,-99,False,False
R_21pKbw8vqrjpJ4Q,Comp(14),de geldlade,de geldlade,Comp,14,,de,geldlade,True,True
R_1HiWKvIl546M44z,Comp(14),het geld,het geld,Comp,14,,het,geld,True,True
R_BFIiDPrnKiKOhkB,Comp(14),het geld,het geld,Comp,14,,het,geld,True,True
R_232AZeZQOdbRSAK,Comp(14),het geld,het geld,Comp,14,,het,geld,True,True
R_1odMwWpdALe3A7c,Comp(14),het geld,het geld,Comp,14,,het,geld,True,True
R_3CMZ1prTdwstnIi,Comp(14),het geld ,het geld ,Comp,14,,,-99,False,False
R_2SDkvNUYWKzQ9b4,Comp(14),het geld,het geld,Comp,14,,het,geld,True,True
R_2qwqWlqovi1EnxK,Comp(14),het geld,het geld,Comp,14,,het,geld,True,True
R_1nSW9rReHHlwpSQ,Comp(14),Het geld,het geld,Comp,14,,Het,geld,True,True
R_3FPt6NNv7fs4bHV,Comp(14),het geld,het geld,Comp,14,,het,geld,True,True
R_2uOs8d5Okoyss7z,Comp(14),het geld,het geld,Comp,14,,het,geld,True,True
R_1JEdl2aEMuUO63f,Comp(14),de inhoud,de inhoud,Comp,14,,de,inhoud,True,True
R_6L3ln2BoQAzJw2d,Comp(14),het geld,het geld,Comp,14,,het,geld,True,True
R_xAA7goWcKMvmb1D,Comp(14),geld,geld,Comp,14,,,-99,False,False
R_248iCMeSwyLS8sF,Comp(14),de knuffelbeer,de knuffelbeer,Comp,14,,de,knuffelbeer,True,True
R_OING4tGkg3q8VLb,Comp(14),het geld,het geld,Comp,14,,het,geld,True,True
R_3kvbwPackXPANmo,Comp(14),het geld,het geld,Comp,14,,het,geld,True,True
R_3lRiG6M8Z6vKWZh,Comp(14),het geld,het geld,Comp,14,,het,geld,True,True
R_3q9cZ9NJjEx872v,Comp(14),het geld,het geld,Comp,14,,het,geld,True,True
R_ABt8n7PxUqkXqy5,Comp(14),Het geld,het geld,Comp,14,,Het,geld,True,True
R_3k6rPDoCD4kup7x,Comp(14),het geld,het geld,Comp,14,,het,geld,True,True
R_p6iBXJstulO97Jn,Comp(14),het geld,het geld,Comp,14,,het,geld,True,True
R_USFewLQTXHp0kPT,Comp(14),het geld,het geld,Comp,14,,het,geld,True,True
R_1AeLfMZXZ76HTHz,Comp(15),sd,sd,Comp,15,15.0,,-99,False,False
R_vrAH2qrxu41QSv7,Comp(15),de film,de film,Comp,15,15.0,de,film,True,True
R_6Pg4ql6MQumxZo9,Comp(15),de film,de film,Comp,15,15.0,de,film,True,True
R_1QaBlAsk46HI9NJ,Comp(15),de bioscoop,de bioscoop,Comp,15,15.0,de,bioscoop,True,True
R_pKtuHvEeh5mujgl,Comp(15),de film,de film,Comp,15,15.0,de,film,True,True
R_RrYmeJDnKB3hv7r,Comp(15),de film,de film,Comp,15,15.0,de,film,True,True
R_2alPe2ZkILnzWYp,Comp(15),een film,een film,Comp,15,15.0,een,film,False,True
R_24zMzQY1U9LX5Gf,Comp(15),de film,de film,Comp,15,15.0,de,film,True,True
R_2zAp7MZjWbJtouD,Comp(15),de film,de film,Comp,15,15.0,de,film,True,True
R_1lgea30X5yRbWgb,Comp(15),Film,film,Comp,15,15.0,,-99,False,False
R_1dg0dAPlymYfFcu,Comp(15),de film,de film,Comp,15,15.0,de,film,True,True
R_23TSscPxb3G1aSA,Comp(15),film,film,Comp,15,15.0,,-99,False,False
R_3effdDALVVpFhkK,Comp(15),de cinema,de cinema,Comp,15,15.0,de,cinema,True,True
R_2PpvbvcItA8LcqM,Comp(15),de bios,de bios,Comp,15,15.0,de,bios,True,True
R_25WvorTEPc7DuHX,Comp(15),de film,de film,Comp,15,15.0,de,film,True,True
R_ZJCIt5D6m80Wim5,Comp(15),De film,de film,Comp,15,15.0,De,film,True,True
R_6gQpeEEoAOw1CNz,Comp(15),de film,de film,Comp,15,15.0,de,film,True,True
R_UcJP3naTdDXJEDn,Comp(15),De film,de film,Comp,15,15.0,De,film,True,True
R_21pKbw8vqrjpJ4Q,Comp(15),de film,de film,Comp,15,15.0,de,film,True,True
R_1HiWKvIl546M44z,Comp(15),de film,de film,Comp,15,15.0,de,film,True,True
R_BFIiDPrnKiKOhkB,Comp(15),de film,de film,Comp,15,15.0,de,film,True,True
R_232AZeZQOdbRSAK,Comp(15),de film,de film,Comp,15,15.0,de,film,True,True
R_1odMwWpdALe3A7c,Comp(15),de film,de film,Comp,15,15.0,de,film,True,True
R_3CMZ1prTdwstnIi,Comp(15),de film,de film,Comp,15,15.0,de,film,True,True
R_2SDkvNUYWKzQ9b4,Comp(15),de film,de film,Comp,15,15.0,de,film,True,True
R_2qwqWlqovi1EnxK,Comp(15),de bioscoop,de bioscoop,Comp,15,15.0,de,bioscoop,True,True
R_1nSW9rReHHlwpSQ,Comp(15),De film,de film,Comp,15,15.0,De,film,True,True
R_3FPt6NNv7fs4bHV,Comp(15),de fil,de fil,Comp,15,15.0,de,fil,True,True
R_2uOs8d5Okoyss7z,Comp(15),de bioscoop,de bioscoop,Comp,15,15.0,de,bioscoop,True,True
R_1JEdl2aEMuUO63f,Comp(15),de film,de film,Comp,15,15.0,de,film,True,True
R_6L3ln2BoQAzJw2d,Comp(15),de film,de film,Comp,15,15.0,de,film,True,True
R_xAA7goWcKMvmb1D,Comp(15),de film,de film,Comp,15,15.0,de,film,True,True
R_248iCMeSwyLS8sF,Comp(15),de film,de film,Comp,15,15.0,de,film,True,True
R_OING4tGkg3q8VLb,Comp(15),een film,een film,Comp,15,15.0,een,film,False,True
R_3kvbwPackXPANmo,Comp(15),de film,de film,Comp,15,15.0,de,film,True,True
R_3lRiG6M8Z6vKWZh,Comp(15),de film,de film,Comp,15,15.0,de,film,True,True
R_3q9cZ9NJjEx872v,Comp(15),de film,de film,Comp,15,15.0,de,film,True,True
R_ABt8n7PxUqkXqy5,Comp(15),De film ,de film ,Comp,15,15.0,,-99,False,False
R_3k6rPDoCD4kup7x,Comp(15),de film,de film,Comp,15,15.0,de,film,True,True
R_p6iBXJstulO97Jn,Comp(15),de film,de film,Comp,15,15.0,de,film,True,True
R_USFewLQTXHp0kPT,Comp(15),de film,de film,Comp,15,15.0,de,film,True,True
R_1AeLfMZXZ76HTHz,Comp(16),sd,sd,Comp,16,16.0,,-99,False,False
R_vrAH2qrxu41QSv7,Comp(16),de radio,de radio,Comp,16,16.0,de,radio,True,True
R_6Pg4ql6MQumxZo9,Comp(16),de radio,de radio,Comp,16,16.0,de,radio,True,True
R_1QaBlAsk46HI9NJ,Comp(16),de radio,de radio,Comp,16,16.0,de,radio,True,True
R_pKtuHvEeh5mujgl,Comp(16),de radio,de radio,Comp,16,16.0,de,radio,True,True
R_RrYmeJDnKB3hv7r,Comp(16),de radio,de radio,Comp,16,16.0,de,radio,True,True
R_2alPe2ZkILnzWYp,Comp(16),de radio,de radio,Comp,16,16.0,de,radio,True,True
R_24zMzQY1U9LX5Gf,Comp(16),de radio,de radio,Comp,16,16.0,de,radio,True,True
R_2zAp7MZjWbJtouD,Comp(16),de radio,de radio,Comp,16,16.0,de,radio,True,True
R_1lgea30X5yRbWgb,Comp(16),Radio,radio,Comp,16,16.0,,-99,False,False
R_1dg0dAPlymYfFcu,Comp(16),de radio,de radio,Comp,16,16.0,de,radio,True,True
R_23TSscPxb3G1aSA,Comp(16),radio,radio,Comp,16,16.0,,-99,False,False
R_3effdDALVVpFhkK,Comp(16),de radio,de radio,Comp,16,16.0,de,radio,True,True
R_2PpvbvcItA8LcqM,Comp(16),de radio,de radio,Comp,16,16.0,de,radio,True,True
R_25WvorTEPc7DuHX,Comp(16),de radio,de radio,Comp,16,16.0,de,radio,True,True
R_ZJCIt5D6m80Wim5,Comp(16),De radio,de radio,Comp,16,16.0,De,radio,True,True
R_6gQpeEEoAOw1CNz,Comp(16),de radio,de radio,Comp,16,16.0,de,radio,True,True
R_UcJP3naTdDXJEDn,Comp(16),De radio,de radio,Comp,16,16.0,De,radio,True,True
R_21pKbw8vqrjpJ4Q,Comp(16),de radio,de radio,Comp,16,16.0,de,radio,True,True
R_1HiWKvIl546M44z,Comp(16),de radio,de radio,Comp,16,16.0,de,radio,True,True
R_BFIiDPrnKiKOhkB,Comp(16),de radio,de radio,Comp,16,16.0,de,radio,True,True
R_232AZeZQOdbRSAK,Comp(16),de radio,de radio,Comp,16,16.0,de,radio,True,True
R_1odMwWpdALe3A7c,Comp(16),de radio,de radio,Comp,16,16.0,de,radio,True,True
R_3CMZ1prTdwstnIi,Comp(16),de radio ,de radio ,Comp,16,16.0,,-99,False,False
R_2SDkvNUYWKzQ9b4,Comp(16),de radio,de radio,Comp,16,16.0,de,radio,True,True
R_2qwqWlqovi1EnxK,Comp(16),de radio,de radio,Comp,16,16.0,de,radio,True,True
R_1nSW9rReHHlwpSQ,Comp(16),De radio,de radio,Comp,16,16.0,De,radio,True,True
R_3FPt6NNv7fs4bHV,Comp(16),de radio,de radio,Comp,16,16.0,de,radio,True,True
R_2uOs8d5Okoyss7z,Comp(16),de radio,de radio,Comp,16,16.0,de,radio,True,True
R_1JEdl2aEMuUO63f,Comp(16),de radio,de radio,Comp,16,16.0,de,radio,True,True
R_6L3ln2BoQAzJw2d,Comp(16),de radio,de radio,Comp,16,16.0,de,radio,True,True
R_xAA7goWcKMvmb1D,Comp(16),de radio,de radio,Comp,16,16.0,de,radio,True,True
R_248iCMeSwyLS8sF,Comp(16),de radio,de radio,Comp,16,16.0,de,radio,True,True
R_OING4tGkg3q8VLb,Comp(16),de radio,de radio,Comp,16,16.0,de,radio,True,True
R_3kvbwPackXPANmo,Comp(16),de radio,de radio,Comp,16,16.0,de,radio,True,True
R_3lRiG6M8Z6vKWZh,Comp(16),de radio,de radio,Comp,16,16.0,de,radio,True,True
R_3q9cZ9NJjEx872v,Comp(16),de radio,de radio,Comp,16,16.0,de,radio,True,True
R_ABt8n7PxUqkXqy5,Comp(16),De radio,de radio,Comp,16,16.0,De,radio,True,True
R_3k6rPDoCD4kup7x,Comp(16),de radio,de radio,Comp,16,16.0,de,radio,True,True
R_p6iBXJstulO97Jn,Comp(16),de radio,de radio,Comp,16,16.0,de,radio,True,True
R_USFewLQTXHp0kPT,Comp(16),de radio,de radio,Comp,16,16.0,de,radio,True,True
R_1AeLfMZXZ76HTHz,Comp(17),sd,sd,Comp,17,17.0,,-99,False,False
R_vrAH2qrxu41QSv7,Comp(17),de balkon,de balkon,Comp,17,17.0,de,balkon,True,True
R_6Pg4ql6MQumxZo9,Comp(17),het balkon,het balkon,Comp,17,17.0,het,balkon,True,True
R_1QaBlAsk46HI9NJ,Comp(17),de bank,de bank,Comp,17,17.0,de,bank,True,True
R_pKtuHvEeh5mujgl,Comp(17),het balkon,het balkon,Comp,17,17.0,het,balkon,True,True
R_RrYmeJDnKB3hv7r,Comp(17),het balkon,het balkon,Comp,17,17.0,het,balkon,True,True
R_2alPe2ZkILnzWYp,Comp(17),het balkon,het balkon,Comp,17,17.0,het,balkon,True,True
R_24zMzQY1U9LX5Gf,Comp(17),het balkon,het balkon,Comp,17,17.0,het,balkon,True,True
R_2zAp7MZjWbJtouD,Comp(17),het balkon,het balkon,Comp,17,17.0,het,balkon,True,True
R_1lgea30X5yRbWgb,Comp(17),Balkon,balkon,Comp,17,17.0,,-99,False,False
R_1dg0dAPlymYfFcu,Comp(17),het balkon,het balkon,Comp,17,17.0,het,balkon,True,True
R_23TSscPxb3G1aSA,Comp(17),balkon,balkon,Comp,17,17.0,,-99,False,False
R_3effdDALVVpFhkK,Comp(17),het terras,het terras,Comp,17,17.0,het,terras,True,True
R_2PpvbvcItA8LcqM,Comp(17),het balkon,het balkon,Comp,17,17.0,het,balkon,True,True
R_25WvorTEPc7DuHX,Comp(17),het balkon,het balkon,Comp,17,17.0,het,balkon,True,True
R_ZJCIt5D6m80Wim5,Comp(17),Het balkon,het balkon,Comp,17,17.0,Het,balkon,True,True
R_6gQpeEEoAOw1CNz,Comp(17),het balkon,het balkon,Comp,17,17.0,het,balkon,True,True
R_UcJP3naTdDXJEDn,Comp(17),Het balkon,het balkon,Comp,17,17.0,Het,balkon,True,True
R_21pKbw8vqrjpJ4Q,Comp(17),het balkon,het balkon,Comp,17,17.0,het,balkon,True,True
R_1HiWKvIl546M44z,Comp(17),het balkon,het balkon,Comp,17,17.0,het,balkon,True,True
R_BFIiDPrnKiKOhkB,Comp(17),het balkon,het balkon,Comp,17,17.0,het,balkon,True,True
R_232AZeZQOdbRSAK,Comp(17),het balkon,het balkon,Comp,17,17.0,het,balkon,True,True
R_1odMwWpdALe3A7c,Comp(17),het balkon,het balkon,Comp,17,17.0,het,balkon,True,True
R_3CMZ1prTdwstnIi,Comp(17),het balkon ,het balkon ,Comp,17,17.0,,-99,False,False
R_2SDkvNUYWKzQ9b4,Comp(17),het balkon,het balkon,Comp,17,17.0,het,balkon,True,True
R_2qwqWlqovi1EnxK,Comp(17),het balkon,het balkon,Comp,17,17.0,het,balkon,True,True
R_1nSW9rReHHlwpSQ,Comp(17),Het balkon ,het balkon ,Comp,17,17.0,,-99,False,False
R_3FPt6NNv7fs4bHV,Comp(17),mijn balkon,mijn balkon,Comp,17,17.0,mijn,balkon,False,True
R_2uOs8d5Okoyss7z,Comp(17),het balkon,het balkon,Comp,17,17.0,het,balkon,True,True
R_1JEdl2aEMuUO63f,Comp(17),het balkon,het balkon,Comp,17,17.0,het,balkon,True,True
R_6L3ln2BoQAzJw2d,Comp(17),het balkon,het balkon,Comp,17,17.0,het,balkon,True,True
R_xAA7goWcKMvmb1D,Comp(17),het dak,het dak,Comp,17,17.0,het,dak,True,True
R_248iCMeSwyLS8sF,Comp(17),het dak,het dak,Comp,17,17.0,het,dak,True,True
R_OING4tGkg3q8VLb,Comp(17),het balkon,het balkon,Comp,17,17.0,het,balkon,True,True
R_3kvbwPackXPANmo,Comp(17),het balkon,het balkon,Comp,17,17.0,het,balkon,True,True
R_3lRiG6M8Z6vKWZh,Comp(17),het balkon,het balkon,Comp,17,17.0,het,balkon,True,True
R_3q9cZ9NJjEx872v,Comp(17),het balkon,het balkon,Comp,17,17.0,het,balkon,True,True
R_ABt8n7PxUqkXqy5,Comp(17),Het balkon,het balkon,Comp,17,17.0,Het,balkon,True,True
R_3k6rPDoCD4kup7x,Comp(17),het balkon,het balkon,Comp,17,17.0,het,balkon,True,True
R_p6iBXJstulO97Jn,Comp(17),het balkon,het balkon,Comp,17,17.0,het,balkon,True,True
R_USFewLQTXHp0kPT,Comp(17),het balkon,het balkon,Comp,17,17.0,het,balkon,True,True
R_1AeLfMZXZ76HTHz,Comp(18),sd,sd,Comp,18,18.0,,-99,False,False
R_vrAH2qrxu41QSv7,Comp(18),het land,het land,Comp,18,18.0,het,land,True,True
R_6Pg4ql6MQumxZo9,Comp(18),het land,het land,Comp,18,18.0,het,land,True,True
R_1QaBlAsk46HI9NJ,Comp(18),het land,het land,Comp,18,18.0,het,land,True,True
R_pKtuHvEeh5mujgl,Comp(18),het land,het land,Comp,18,18.0,het,land,True,True
R_RrYmeJDnKB3hv7r,Comp(18),het land,het land,Comp,18,18.0,het,land,True,True
R_2alPe2ZkILnzWYp,Comp(18),het land,het land,Comp,18,18.0,het,land,True,True
R_24zMzQY1U9LX5Gf,Comp(18),het land,het land,Comp,18,18.0,het,land,True,True
R_2zAp7MZjWbJtouD,Comp(18),het land,het land,Comp,18,18.0,het,land,True,True
R_1lgea30X5yRbWgb,Comp(18),Land,land,Comp,18,18.0,,-99,False,False
R_1dg0dAPlymYfFcu,Comp(18),het land,het land,Comp,18,18.0,het,land,True,True
R_23TSscPxb3G1aSA,Comp(18),nederland,nederland,Comp,18,18.0,,-99,False,False
R_3effdDALVVpFhkK,Comp(18),het land,het land,Comp,18,18.0,het,land,True,True
R_2PpvbvcItA8LcqM,Comp(18),het land,het land,Comp,18,18.0,het,land,True,True
R_25WvorTEPc7DuHX,Comp(18),het land,het land,Comp,18,18.0,het,land,True,True
R_ZJCIt5D6m80Wim5,Comp(18),Het land,het land,Comp,18,18.0,Het,land,True,True
R_6gQpeEEoAOw1CNz,Comp(18),de volgende ,de volgende ,Comp,18,18.0,,-99,False,False
R_UcJP3naTdDXJEDn,Comp(18),Het land,het land,Comp,18,18.0,Het,land,True,True
R_21pKbw8vqrjpJ4Q,Comp(18),het land,het land,Comp,18,18.0,het,land,True,True
R_1HiWKvIl546M44z,Comp(18),de dag,de dag,Comp,18,18.0,de,dag,True,True
R_BFIiDPrnKiKOhkB,Comp(18),het land,het land,Comp,18,18.0,het,land,True,True
R_232AZeZQOdbRSAK,Comp(18),het land,het land,Comp,18,18.0,het,land,True,True
R_1odMwWpdALe3A7c,Comp(18),het land,het land,Comp,18,18.0,het,land,True,True
R_3CMZ1prTdwstnIi,Comp(18),het land ,het land ,Comp,18,18.0,,-99,False,False
R_2SDkvNUYWKzQ9b4,Comp(18),het land,het land,Comp,18,18.0,het,land,True,True
R_2qwqWlqovi1EnxK,Comp(18),het land,het land,Comp,18,18.0,het,land,True,True
R_1nSW9rReHHlwpSQ,Comp(18),Het land,het land,Comp,18,18.0,Het,land,True,True
R_3FPt6NNv7fs4bHV,Comp(18),het land,het land,Comp,18,18.0,het,land,True,True
R_2uOs8d5Okoyss7z,Comp(18),het land,het land,Comp,18,18.0,het,land,True,True
R_1JEdl2aEMuUO63f,Comp(18),het land,het land,Comp,18,18.0,het,land,True,True
R_6L3ln2BoQAzJw2d,Comp(18),de volgende,de volgende,Comp,18,18.0,de,volgende,True,True
R_xAA7goWcKMvmb1D,Comp(18),de Benelux,de benelux,Comp,18,18.0,de,Benelux,True,False
R_248iCMeSwyLS8sF,Comp(18),het land,het land,Comp,18,18.0,het,land,True,True
R_OING4tGkg3q8VLb,Comp(18),het land,het land,Comp,18,18.0,het,land,True,True
R_3kvbwPackXPANmo,Comp(18),het land,het land,Comp,18,18.0,het,land,True,True
R_3lRiG6M8Z6vKWZh,Comp(18),het land,het land,Comp,18,18.0,het,land,True,True
R_3q9cZ9NJjEx872v,Comp(18),het land,het land,Comp,18,18.0,het,land,True,True
R_ABt8n7PxUqkXqy5,Comp(18),Het land,het land,Comp,18,18.0,Het,land,True,True
R_3k6rPDoCD4kup7x,Comp(18),het land,het land,Comp,18,18.0,het,land,True,True
R_p6iBXJstulO97Jn,Comp(18),Het land,het land,Comp,18,18.0,Het,land,True,True
R_USFewLQTXHp0kPT,Comp(18),ons land,ons land,Comp,18,18.0,ons,land,False,True
R_1AeLfMZXZ76HTHz,Comp(19),sd,sd,Comp,19,19.0,,-99,False,False
R_vrAH2qrxu41QSv7,Comp(19),de krant,de krant,Comp,19,19.0,de,krant,True,True
R_6Pg4ql6MQumxZo9,Comp(19),de krant,de krant,Comp,19,19.0,de,krant,True,True
R_1QaBlAsk46HI9NJ,Comp(19),de krant,de krant,Comp,19,19.0,de,krant,True,True
R_pKtuHvEeh5mujgl,Comp(19),de krant,de krant,Comp,19,19.0,de,krant,True,True
R_RrYmeJDnKB3hv7r,Comp(19),de krant,de krant,Comp,19,19.0,de,krant,True,True
R_2alPe2ZkILnzWYp,Comp(19),de krant,de krant,Comp,19,19.0,de,krant,True,True
R_24zMzQY1U9LX5Gf,Comp(19),de krant,de krant,Comp,19,19.0,de,krant,True,True
R_2zAp7MZjWbJtouD,Comp(19),de krant ,de krant ,Comp,19,19.0,,-99,False,False
R_1lgea30X5yRbWgb,Comp(19),Bijbel,bijbel,Comp,19,19.0,,-99,False,False
R_1dg0dAPlymYfFcu,Comp(19),de krant,de krant,Comp,19,19.0,de,krant,True,True
R_23TSscPxb3G1aSA,Comp(19),krant,krant,Comp,19,19.0,,-99,False,False
R_3effdDALVVpFhkK,Comp(19),de krant,de krant,Comp,19,19.0,de,krant,True,True
R_2PpvbvcItA8LcqM,Comp(19),de krant,de krant,Comp,19,19.0,de,krant,True,True
R_25WvorTEPc7DuHX,Comp(19),de krant,de krant,Comp,19,19.0,de,krant,True,True
R_ZJCIt5D6m80Wim5,Comp(19),Een krant,een krant,Comp,19,19.0,Een,krant,False,True
R_6gQpeEEoAOw1CNz,Comp(19),de krant ,de krant ,Comp,19,19.0,,-99,False,False
R_UcJP3naTdDXJEDn,Comp(19),De krant,de krant,Comp,19,19.0,De,krant,True,True
R_21pKbw8vqrjpJ4Q,Comp(19),de krant,de krant,Comp,19,19.0,de,krant,True,True
R_1HiWKvIl546M44z,Comp(19),de krant,de krant,Comp,19,19.0,de,krant,True,True
R_BFIiDPrnKiKOhkB,Comp(19),de krant,de krant,Comp,19,19.0,de,krant,True,True
R_232AZeZQOdbRSAK,Comp(19),de krant,de krant,Comp,19,19.0,de,krant,True,True
R_1odMwWpdALe3A7c,Comp(19),de krant,de krant,Comp,19,19.0,de,krant,True,True
R_3CMZ1prTdwstnIi,Comp(19),de krant ,de krant ,Comp,19,19.0,,-99,False,False
R_2SDkvNUYWKzQ9b4,Comp(19),de krant,de krant,Comp,19,19.0,de,krant,True,True
R_2qwqWlqovi1EnxK,Comp(19),de krant,de krant,Comp,19,19.0,de,krant,True,True
R_1nSW9rReHHlwpSQ,Comp(19),De krant ,de krant ,Comp,19,19.0,,-99,False,False
R_3FPt6NNv7fs4bHV,Comp(19),de krant,de krant,Comp,19,19.0,de,krant,True,True
R_2uOs8d5Okoyss7z,Comp(19),de krant,de krant,Comp,19,19.0,de,krant,True,True
R_1JEdl2aEMuUO63f,Comp(19),de krant,de krant,Comp,19,19.0,de,krant,True,True
R_6L3ln2BoQAzJw2d,Comp(19),de krant,de krant,Comp,19,19.0,de,krant,True,True
R_xAA7goWcKMvmb1D,Comp(19),de krant,de krant,Comp,19,19.0,de,krant,True,True
R_248iCMeSwyLS8sF,Comp(19),de playboy,de playboy,Comp,19,19.0,de,playboy,True,True
R_OING4tGkg3q8VLb,Comp(19),een krant,een krant,Comp,19,19.0,een,krant,False,True
R_3kvbwPackXPANmo,Comp(19),de krant,de krant,Comp,19,19.0,de,krant,True,True
R_3lRiG6M8Z6vKWZh,Comp(19),de krant,de krant,Comp,19,19.0,de,krant,True,True
R_3q9cZ9NJjEx872v,Comp(19),de krant,de krant,Comp,19,19.0,de,krant,True,True
R_ABt8n7PxUqkXqy5,Comp(19),De krant ,de krant ,Comp,19,19.0,,-99,False,False
R_3k6rPDoCD4kup7x,Comp(19),de krant,de krant,Comp,19,19.0,de,krant,True,True
R_p6iBXJstulO97Jn,Comp(19),De krant,de krant,Comp,19,19.0,De,krant,True,True
R_USFewLQTXHp0kPT,Comp(19),de krant,de krant,Comp,19,19.0,de,krant,True,True
